Location,Year,CO 2nd Max 1-hr,CO 2nd Max 8-hr,NO2 98th Percentile 1-hr,NO2 Mean 1-hr,Ozone 2nd Max 1-hr,Ozone 4th Max 8-hr,SO2 99th Percentile 1-hr,SO2 2nd Max 24-hr,SO2 Mean 1-hr,PM2.5 98th Percentile 24-hr,PM2.5 Weighted Mean 24-hr,PM10 2nd Max 24-hr,PM10 Mean 24-hr,Lead Max 3-Mo Avg
Albuquerque,1999,7.5,4.6,54.0,16.0,0.1,0.076,,,,,,93.0,39.0,
Atlanta,1999,6.3,4.1,87.0,24.0,0.16,0.124,90.0,23.0,5.0,48.0,23.0,72.0,35.0,
Austin,1999,2.1,1.2,,6.0,0.11,0.099,,,,,,,,
Baltimore,1999,10.2,5.6,70.0,24.0,0.15,0.113,79.0,20.0,6.0,,,61.0,32.0,
Boston,1999,8.4,4.2,77.0,30.0,0.12,0.093,93.0,40.0,8.0,47.0,15.3,65.0,30.0,
Charlotte,1999,7.1,4.3,,18.0,0.13,0.107,,,,38.0,17.6,60.0,30.0,
Chicago,1999,6.4,4.9,83.0,32.0,0.13,0.102,138.0,44.0,9.0,54.0,21.8,165.0,40.0,
Cleveland,1999,6.8,3.9,68.0,25.0,0.12,0.103,201.0,62.0,11.0,38.0,15.3,106.0,42.0,
Colorado Springs,1999,12.6,5.2,88.0,19.0,0.08,0.065,56.0,20.0,4.0,,,79.0,22.0,
Columbus,1999,8.5,2.5,,,0.14,0.103,44.0,15.0,4.0,40.0,17.7,76.0,27.0,
Dallas,1999,4.8,3.2,76.0,21.0,0.15,0.112,149.0,33.0,4.0,,,57.0,32.0,
Denver,1999,12.1,5.2,78.0,19.0,0.11,0.081,81.0,12.0,3.0,,,141.0,36.0,
Detroit,1999,6.0,4.4,,18.0,0.12,0.096,172.0,53.0,9.0,44.0,13.2,96.0,36.0,
El Paso,1999,14.4,8.2,74.0,28.0,0.11,0.073,56.0,16.0,2.0,,,209.0,66.0,
Fresno,1999,10.0,7.6,93.0,24.0,0.15,0.105,,,,97.0,23.4,127.0,46.0,
Houston,1999,6.3,4.1,74.0,24.0,0.2,0.124,99.0,40.0,7.0,,,116.0,44.0,
Indianapolis,1999,4.8,2.6,,18.0,0.11,0.096,115.0,24.0,7.0,,,53.0,27.0,
Jacksonville,1999,6.3,4.1,53.0,16.0,0.1,0.08,126.0,36.0,4.0,,,58.0,28.0,
Kansas City,1999,9.5,4.7,62.0,15.0,0.12,0.084,29.0,11.0,2.0,30.0,14.1,118.0,40.0,
Las Vegas,1999,10.2,8.2,85.0,27.0,0.1,0.084,14.0,7.0,1.0,26.0,10.3,281.0,56.0,
Los Angeles,1999,16.0,11.1,139.0,51.0,0.14,0.095,48.0,19.0,4.0,53.0,24.3,119.0,56.0,
Louisville,1999,9.1,4.8,57.0,14.0,0.12,0.103,149.0,32.0,7.0,40.0,17.5,60.0,29.0,
Memphis,1999,7.6,5.2,72.0,25.0,0.13,0.104,81.0,28.0,6.0,35.0,15.9,64.0,27.0,
Miami,1999,7.9,5.4,67.0,17.0,0.11,0.079,79.0,15.0,3.0,25.0,9.3,44.0,24.0,
Milwaukee,1999,3.5,2.2,67.0,22.0,0.12,0.097,95.0,24.0,4.0,40.0,15.0,60.0,27.0,
Minneapolis,1999,7.6,5.2,63.0,22.0,0.1,0.078,38.0,17.0,2.0,,,88.0,35.0,
Nashville,1999,7.6,5.4,97.0,18.0,0.12,0.101,182.0,35.0,5.0,51.0,18.8,74.0,32.0,
New York City,1999,10.0,6.6,100.0,42.0,0.15,0.11,79.0,45.0,13.0,39.0,13.7,73.0,35.0,
Oklahoma City,1999,6.5,4.3,63.0,14.0,0.1,0.084,12.0,9.0,3.0,,,,,
Omaha,1999,12.4,8.8,,,0.09,0.08,,,,,,102.0,43.0,
Philadelphia,1999,7.4,4.9,68.0,32.0,0.15,0.112,170.0,49.0,10.0,35.0,14.3,51.0,22.0,
Phoenix,1999,13.5,8.1,172.0,40.0,0.12,0.091,,,,30.0,12.2,115.0,59.0,
Portland,1999,12.9,6.7,,,0.09,0.072,,,,35.0,8.8,62.0,22.0,
Sacramento,1999,7.3,6.2,81.0,21.0,0.14,0.106,18.0,12.0,4.0,40.0,13.4,144.0,34.0,
San Antonio,1999,6.3,4.2,,25.0,0.11,0.091,,,,,,,,
San Diego,1999,9.2,4.9,100.0,26.0,0.11,0.092,63.0,16.0,3.0,38.0,16.4,112.0,52.0,
San Francisco,1999,7.8,4.5,72.0,22.0,0.14,0.093,56.0,20.0,3.0,,,94.0,26.0,
San Jose,1999,8.8,6.2,93.0,26.0,0.12,0.082,,,,60.0,16.3,93.0,28.0,
San Juan,1999,12.8,9.9,,,,,,,,,,133.0,50.0,
Seattle,1999,15.6,6.6,56.0,19.0,0.09,0.072,,,,46.0,11.5,50.0,25.0,
Tucson,1999,7.8,3.8,59.0,19.0,0.09,0.073,12.0,5.0,2.0,20.0,8.8,80.0,43.0,
Tulsa,1999,5.6,3.5,62.0,17.0,0.12,0.091,169.0,83.0,11.0,,,,,
Virginia Beach,1999,9.2,4.6,60.0,17.0,0.14,0.097,92.0,22.0,7.0,,,50.0,19.0,
District of Columbia,1999,7.5,5.6,74.0,25.0,0.14,0.107,150.0,26.0,9.0,,,57.0,23.0,
Wichita,1999,8.6,4.6,,,0.1,0.079,,,,28.0,11.9,85.0,30.0,
National Means,1999,8.640000000000002,5.246666666666666,78.4,22.95,0.121590909090909,0.0933863636363636,91.96969696969695,27.666666666666668,5.515151515151516,41.42307692307692,15.376923076923076,93.73170731707316,35.34146341463415,
National First Quartile,1999,6.575,4.2,63.0,18.0,0.11,0.081,56.0,16.0,3.0,35.0,12.7,60.25,27.0,
National Median,1999,7.8,4.9,74.0,22.0,0.12,0.0931931818181818,81.0,23.0,4.0,39.5,15.15,80.0,32.0,
National Third Quartile,1999,10.0,5.749999999999999,84.5,25.0,0.14,0.103,129.0,35.25,7.0,46.0,17.5,112.75,40.5,
Albuquerque,2000,7.0,3.8,47.0,17.0,0.09,0.076,,,,27.0,11.3,131.0,51.0,
Atlanta,2000,4.6,3.2,88.0,23.0,0.16,0.113,87.0,19.0,5.0,53.0,21.5,84.0,36.0,
Austin,2000,1.8,1.1,36.0,5.0,0.11,0.088,,,,27.0,12.1,50.0,23.0,
Baltimore,2000,4.6,3.4,65.0,23.0,0.12,0.099,69.0,24.0,6.0,42.0,17.4,75.0,35.0,
Boston,2000,5.3,3.2,67.0,29.0,0.09,0.075,66.0,30.0,6.0,32.0,11.0,59.0,29.0,
Charlotte,2000,10.8,4.7,65.0,18.0,0.14,0.101,64.0,18.0,4.0,35.0,17.2,62.0,31.0,
Chicago,2000,6.2,4.3,92.0,32.0,0.1,0.086,127.0,75.0,11.0,43.0,20.2,123.0,35.0,
Cleveland,2000,11.1,7.9,61.0,23.0,0.11,0.085,149.0,40.0,9.0,46.0,19.7,122.0,43.0,
Colorado Springs,2000,9.5,4.2,180.0,35.0,0.09,0.072,60.0,14.0,3.0,15.0,7.6,113.0,28.0,
Columbus,2000,4.9,2.8,,,0.12,0.091,,,,41.0,17.1,73.0,34.0,
Dallas,2000,4.3,2.2,67.0,15.0,0.13,0.102,166.0,47.0,5.0,32.0,13.2,58.0,29.0,
Denver,2000,12.8,5.4,78.0,15.0,0.11,0.083,56.0,9.0,2.0,28.0,11.6,134.0,43.0,
Detroit,2000,7.7,4.5,74.0,24.0,0.1,0.08,169.0,42.0,7.0,45.0,20.1,101.0,43.0,
El Paso,2000,17.0,9.2,72.0,24.0,0.12,0.084,15.0,6.0,2.0,23.0,9.8,121.0,47.0,
Fresno,2000,8.2,5.9,71.0,21.0,0.15,0.114,,,,65.0,18.4,114.0,40.0,
Houston,2000,5.7,4.2,73.0,21.0,0.19,0.117,111.0,37.0,6.0,,,102.0,46.0,
Indianapolis,2000,5.7,3.8,58.0,17.0,0.1,0.09,110.0,25.0,7.0,37.0,18.5,57.0,27.0,
Jacksonville,2000,6.0,3.8,63.0,15.0,0.11,0.077,165.0,55.0,6.0,,,46.0,26.0,
Kansas City,2000,10.1,5.2,67.0,17.0,0.12,0.091,71.0,39.0,3.0,32.0,13.4,63.0,36.0,
Las Vegas,2000,8.5,7.1,69.0,25.0,0.1,0.082,12.0,6.0,0.0,32.0,10.8,188.0,48.0,
Los Angeles,2000,13.8,9.9,129.0,44.0,0.17,0.112,34.0,10.0,3.0,73.0,24.0,119.0,46.0,
Louisville,2000,10.7,4.1,71.0,13.0,0.11,0.093,170.0,36.0,8.0,39.0,17.3,73.0,31.0,
Memphis,2000,5.8,4.4,72.0,25.0,0.12,0.093,82.0,38.0,6.0,36.0,16.3,71.0,28.0,
Miami,2000,7.5,3.7,72.0,16.0,0.09,0.077,106.0,26.0,2.0,26.0,11.3,51.0,26.0,
Milwaukee,2000,4.0,2.4,60.0,21.0,0.1,0.086,90.0,26.0,4.0,35.0,13.9,45.0,21.0,
Minneapolis,2000,6.6,5.1,65.0,22.0,0.09,0.072,56.0,16.0,2.0,,,103.0,36.0,
Nashville,2000,6.7,5.6,58.0,19.0,0.12,0.093,149.0,40.0,4.0,40.0,17.0,65.0,34.0,
New York City,2000,8.5,4.8,106.0,41.0,0.14,0.114,86.0,46.0,13.0,44.0,18.5,108.0,36.0,
Oklahoma City,2000,5.5,4.2,57.0,13.0,0.1,0.086,11.0,7.0,3.0,29.0,11.4,61.0,25.0,
Omaha,2000,4.4,3.0,,,0.09,0.075,,,,28.0,11.5,124.0,47.0,
Philadelphia,2000,6.3,4.3,73.0,28.0,0.13,0.109,82.0,27.0,8.0,38.0,16.0,76.0,29.0,
Phoenix,2000,10.5,7.2,225.0,36.0,0.11,0.087,24.0,12.0,2.0,34.0,12.1,172.0,70.0,
Portland,2000,8.4,6.2,,,0.08,0.065,,,,40.0,10.8,45.0,23.0,
Sacramento,2000,7.2,6.2,68.0,19.0,0.13,0.103,,,,49.0,12.3,82.0,26.0,
San Antonio,2000,4.6,2.7,66.0,18.0,0.1,0.082,,,,,,,,
San Diego,2000,9.2,4.7,87.0,24.0,0.12,0.095,39.0,11.0,4.0,51.0,15.8,86.0,45.0,
San Francisco,2000,8.9,3.6,65.0,20.0,0.13,0.077,42.0,21.0,3.0,43.0,11.2,63.0,24.0,
San Jose,2000,8.6,6.9,76.0,25.0,0.1,0.078,,,,55.0,13.6,67.0,26.0,
San Juan,2000,10.6,5.8,,18.0,0.1,0.047,102.0,58.0,6.0,18.0,7.3,102.0,37.0,
Seattle,2000,8.6,6.3,59.0,21.0,0.1,0.07,,,,49.0,13.0,57.0,28.0,
Tucson,2000,7.5,4.7,60.0,17.0,0.09,0.077,15.0,7.0,2.0,,,123.0,39.0,
Tulsa,2000,6.7,3.7,48.0,15.0,0.13,0.096,88.0,27.0,6.0,30.0,12.5,57.0,24.0,
Virginia Beach,2000,6.9,4.1,57.0,16.0,0.1,0.084,86.0,23.0,7.0,31.0,13.8,41.0,22.0,
District of Columbia,2000,6.6,5.0,80.0,23.0,0.13,0.094,86.0,30.0,11.0,39.0,15.3,56.0,24.0,
Wichita,2000,6.8,6.2,,,0.09,0.081,,,,29.0,12.8,86.0,25.0,
National Means,2000,7.615555555555558,4.77111111111111,76.175,21.78048780487805,0.1139999999999999,0.0878222222222222,83.67647058823529,27.852941176470587,5.176470588235294,37.775,14.464999999999998,86.56818181818181,34.13636363636363,
National First Quartile,2000,5.7250000000000005,3.725000000000001,61.0,17.0,0.1,0.07725,56.0,15.0,3.0,30.0,11.5,59.0,26.0,
National Median,2000,7.0,4.4,67.5,21.0,0.11,0.086,82.83823529411765,26.0,5.0,36.5,13.5,75.5,32.5,
National Third Quartile,2000,8.674999999999999,5.65,75.0,24.0,0.1225,0.09425,106.0,38.0,6.0,43.0,17.15,110.5,39.5,
Albuquerque,2001,9.5,4.2,54.0,17.0,0.09,0.074,,,,30.0,9.2,109.0,32.0,
Atlanta,2001,5.3,4.1,89.0,23.0,0.13,0.092,102.0,17.0,3.0,44.0,19.1,111.0,37.0,
Austin,2001,1.7,0.9,,4.0,0.1,0.08,,,,,,37.0,21.0,
Baltimore,2001,4.4,3.3,68.0,23.0,0.14,0.112,87.0,26.0,6.0,48.0,17.4,75.0,32.0,
Boston,2001,4.9,2.8,72.0,30.0,0.12,0.1,54.0,26.0,7.0,32.0,12.2,39.0,17.0,
Charlotte,2001,8.8,4.3,,17.0,0.14,0.103,,,,32.0,15.5,65.0,29.0,
Chicago,2001,5.9,3.8,85.0,32.0,0.12,0.099,115.0,34.0,6.0,50.0,20.9,130.0,38.0,
Cleveland,2001,5.5,3.5,76.0,24.0,0.11,0.099,139.0,36.0,8.0,47.0,19.8,110.0,43.0,
Colorado Springs,2001,9.3,4.4,,,0.09,0.07,,,,24.0,7.7,43.0,25.0,
Columbus,2001,4.7,2.6,,,0.11,0.09,41.0,17.0,3.0,41.0,17.9,68.0,30.0,
Dallas,2001,4.3,2.4,65.0,19.0,0.14,0.098,161.0,49.0,3.0,31.0,13.9,59.0,33.0,
Denver,2001,9.3,4.1,106.0,37.0,0.1,0.082,75.0,26.0,5.0,37.0,11.8,98.0,40.0,
Detroit,2001,5.4,3.4,70.0,23.0,0.12,0.095,163.0,47.0,7.0,47.0,19.6,130.0,40.0,
El Paso,2001,14.3,8.8,68.0,22.0,0.12,0.078,14.0,8.0,2.0,47.0,14.2,182.0,43.0,
Fresno,2001,6.2,4.5,75.0,21.0,0.15,0.113,,,,76.0,19.9,141.0,44.0,
Houston,2001,5.7,4.4,71.0,19.0,0.17,0.11,163.0,45.0,4.0,33.0,13.8,92.0,39.0,
Indianapolis,2001,3.8,2.5,56.0,17.0,0.11,0.093,98.0,23.0,6.0,44.0,18.6,53.0,25.0,
Jacksonville,2001,5.3,3.4,,,0.09,0.075,131.0,40.0,5.0,26.0,10.9,173.0,29.0,
Kansas City,2001,10.1,3.6,62.0,18.0,0.11,0.079,37.0,9.0,2.0,31.0,14.2,64.0,33.0,
Las Vegas,2001,8.7,6.5,72.0,23.0,0.11,0.083,14.0,7.0,1.0,36.0,11.3,173.0,48.0,
Los Angeles,2001,11.7,7.2,124.0,41.0,0.18,0.11,34.0,9.0,4.0,69.0,25.2,91.0,45.0,
Louisville,2001,5.1,3.9,70.0,22.0,0.11,0.086,151.0,32.0,6.0,44.0,18.7,71.0,34.0,
Memphis,2001,6.6,4.8,71.0,25.0,0.12,0.092,87.0,42.0,6.0,37.0,15.1,59.0,25.0,
Miami,2001,7.3,4.2,61.0,17.0,0.11,0.076,10.0,4.0,2.0,23.0,10.0,54.0,26.0,
Milwaukee,2001,4.2,2.7,57.0,16.0,0.12,0.102,77.0,18.0,3.0,42.0,14.1,49.0,22.0,
Minneapolis,2001,11.1,5.1,56.0,21.0,0.11,0.078,50.0,16.0,2.0,35.0,13.0,75.0,35.0,
Nashville,2001,7.1,5.8,55.0,18.0,0.11,0.086,121.0,35.0,5.0,35.0,15.2,58.0,30.0,
New York City,2001,8.6,4.8,100.0,40.0,0.14,0.108,71.0,46.0,12.0,42.0,18.0,71.0,32.0,
Oklahoma City,2001,5.6,4.0,55.0,13.0,0.1,0.082,7.0,4.0,2.0,33.0,11.0,48.0,24.0,
Omaha,2001,12.0,3.8,,,0.09,0.078,,,,25.0,11.1,89.0,46.0,
Philadelphia,2001,7.7,4.7,77.0,30.0,0.13,0.105,77.0,33.0,7.0,48.0,17.5,66.0,27.0,
Phoenix,2001,9.6,6.6,86.0,37.0,0.11,0.086,15.0,9.0,3.0,35.0,10.9,275.0,93.0,
Portland,2001,16.0,9.9,,,0.09,0.069,,,,31.0,9.5,44.0,19.0,
Sacramento,2001,14.8,5.0,67.0,19.0,0.13,0.105,21.0,10.0,2.0,49.0,11.9,77.0,27.0,
San Antonio,2001,6.0,2.7,61.0,19.0,0.09,0.081,,,,,,40.0,19.0,
San Diego,2001,8.4,4.7,104.0,22.0,0.12,0.096,43.0,11.0,4.0,44.0,17.7,107.0,48.0,
San Francisco,2001,6.9,3.9,59.0,19.0,0.12,0.081,32.0,10.0,3.0,68.0,12.9,85.0,26.0,
San Jose,2001,7.4,5.0,74.0,24.0,0.12,0.079,,,,56.0,12.8,70.0,28.0,
San Juan,2001,7.3,4.6,25.0,8.0,0.1,0.042,66.0,15.0,3.0,18.0,9.8,106.0,36.0,
Seattle,2001,8.8,6.5,64.0,22.0,0.09,0.071,33.0,13.0,4.0,42.0,11.4,53.0,20.0,
Tucson,2001,5.7,2.9,53.0,17.0,0.08,0.069,8.0,3.0,1.0,,,115.0,34.0,
Tulsa,2001,7.5,4.1,46.0,15.0,0.11,0.084,96.0,28.0,7.0,33.0,13.0,166.0,33.0,
Virginia Beach,2001,7.2,4.2,57.0,18.0,0.1,0.085,74.0,23.0,6.0,31.0,13.6,39.0,20.0,
District of Columbia,2001,6.3,4.7,76.0,24.0,0.13,0.101,86.0,26.0,7.0,45.0,17.1,44.0,19.0,
Wichita,2001,6.3,4.1,,5.0,0.1,0.084,20.0,2.0,0.0,26.0,11.6,78.0,26.0,
National Means,2001,7.517777777777775,4.386666666666666,69.91891891891892,21.525,0.115111111111111,0.0880222222222222,71.47222222222223,22.194444444444443,4.361111111111111,39.69047619047619,14.5,88.4888888888889,32.71111111111111,
National First Quartile,2001,5.525,3.525,57.5,17.0,0.1,0.079,33.0,10.0,3.0,31.5,11.5,55.0,25.25,
National Median,2001,7.1,4.2,68.0,21.0,0.11,0.086,71.23611111111111,20.09722222222222,4.0,37.0,13.85,75.0,32.0,
National Third Quartile,2001,8.8,4.7250000000000005,75.25,23.5,0.12,0.099,97.0,32.5,6.0,45.0,17.5,107.5,37.25,
Albuquerque,2002,6.0,3.9,57.0,19.0,0.09,0.078,,,,29.0,10.8,443.0,54.0,
Atlanta,2002,4.6,3.6,86.0,19.0,0.14,0.1,61.0,18.0,3.0,34.0,17.3,52.0,27.0,
Austin,2002,1.6,0.9,37.0,4.0,0.1,0.091,,,,29.0,11.7,43.0,21.0,
Baltimore,2002,9.2,3.0,70.0,25.0,0.15,0.115,75.0,21.0,6.0,47.0,16.0,81.0,29.0,
Boston,2002,3.7,2.4,69.0,25.0,0.15,0.107,89.0,21.0,6.0,48.0,13.4,,,
Charlotte,2002,5.7,3.2,57.0,15.0,0.13,0.108,50.0,11.0,3.0,33.0,14.7,49.0,27.0,
Chicago,2002,4.9,3.7,92.0,32.0,0.14,0.116,114.0,33.0,6.0,41.0,17.7,114.0,36.0,
Cleveland,2002,8.0,2.4,73.0,22.0,0.13,0.115,146.0,41.0,9.0,45.0,17.7,113.0,36.0,
Colorado Springs,2002,9.8,5.2,,,0.08,0.072,,,,20.0,7.8,110.0,28.0,
Columbus,2002,3.6,2.5,,,0.12,0.103,37.0,17.0,4.0,40.0,16.2,46.0,22.0,
Dallas,2002,4.0,2.1,61.0,19.0,0.14,0.109,82.0,16.0,1.0,38.0,13.6,62.0,29.0,
Denver,2002,7.5,3.7,87.0,35.0,0.11,0.088,78.0,23.0,4.0,26.0,10.2,126.0,39.0,
Detroit,2002,4.6,3.7,69.0,21.0,0.12,0.1,139.0,38.0,6.0,46.0,19.8,111.0,38.0,
El Paso,2002,13.1,6.8,81.0,21.0,0.13,0.089,20.0,6.0,1.0,57.0,17.1,533.0,57.0,
Fresno,2002,6.0,4.3,73.0,20.0,0.16,0.119,,,,77.0,22.9,93.0,43.0,
Houston,2002,4.4,3.3,57.0,19.0,0.17,0.101,79.0,25.0,3.0,32.0,14.5,95.0,34.0,
Indianapolis,2002,14.2,5.0,,18.0,0.13,0.106,111.0,25.0,5.0,45.0,18.3,54.0,22.0,
Jacksonville,2002,3.9,2.6,51.0,15.0,0.09,0.069,178.0,54.0,6.0,22.0,9.3,119.0,26.0,
Kansas City,2002,10.2,3.3,57.0,17.0,0.11,0.091,79.0,15.0,3.0,34.0,14.0,66.0,36.0,
Las Vegas,2002,7.5,5.8,64.0,22.0,0.1,0.086,14.0,6.0,1.0,29.0,11.7,380.0,54.0,
Los Angeles,2002,13.6,8.5,110.0,40.0,0.16,0.131,28.0,9.0,2.0,58.0,24.0,118.0,46.0,
Louisville,2002,9.9,4.8,59.0,20.0,0.12,0.1,128.0,30.0,6.0,50.0,17.5,52.0,25.0,
Memphis,2002,4.9,3.6,,22.0,0.13,0.1,130.0,30.0,5.0,36.0,13.8,56.0,23.0,
Miami,2002,6.8,4.0,53.0,14.0,0.1,0.065,54.0,11.0,2.0,19.0,9.1,46.0,23.0,
Milwaukee,2002,4.2,3.1,,,0.12,0.099,89.0,24.0,4.0,36.0,13.2,50.0,23.0,
Minneapolis,2002,6.1,3.9,69.0,19.0,0.1,0.071,47.0,18.0,2.0,33.0,11.7,60.0,34.0,
Nashville,2002,6.2,5.1,111.0,16.0,0.11,0.094,64.0,18.0,4.0,30.0,13.7,52.0,24.0,
New York City,2002,6.4,4.4,97.0,40.0,0.15,0.125,67.0,39.0,12.0,48.0,16.7,60.0,25.0,
Oklahoma City,2002,5.0,3.0,59.0,14.0,0.11,0.081,10.0,6.0,2.0,30.0,10.4,50.0,23.0,
Omaha,2002,5.4,3.9,,,0.09,0.078,22.0,9.0,1.0,28.0,11.1,109.0,43.0,
Philadelphia,2002,7.6,2.9,70.0,29.0,0.15,0.112,163.0,54.0,8.0,57.0,16.5,111.0,24.0,
Phoenix,2002,7.9,5.5,91.0,35.0,0.12,0.09,17.0,10.0,3.0,22.0,10.4,174.0,79.0,
Portland,2002,7.2,5.7,,,0.12,0.063,,,,47.0,10.5,66.0,20.0,
Sacramento,2002,7.5,4.2,69.0,20.0,0.15,0.111,13.0,9.0,1.0,63.0,14.3,79.0,29.0,
San Antonio,2002,4.5,2.6,57.0,17.0,0.13,0.104,,,,26.0,8.6,48.0,21.0,
San Diego,2002,8.0,3.8,85.0,22.0,0.12,0.096,25.0,10.0,4.0,44.0,16.0,112.0,55.0,
San Francisco,2002,7.6,4.9,61.0,19.0,0.14,0.088,41.0,12.0,3.0,62.0,13.8,69.0,24.0,
San Jose,2002,5.9,4.1,,,0.12,0.094,,,,37.0,12.0,44.0,18.0,
San Juan,2002,7.0,4.3,24.0,7.0,,,114.0,43.0,9.0,12.0,5.2,85.0,37.0,
Seattle,2002,9.3,5.0,58.0,19.0,0.09,0.068,34.0,14.0,3.0,43.0,11.3,68.0,23.0,
Tucson,2002,5.1,2.6,55.0,17.0,0.09,0.077,14.0,4.0,1.0,20.0,6.6,192.0,38.0,
Tulsa,2002,4.9,3.0,47.0,11.0,0.11,0.083,70.0,32.0,6.0,30.0,12.3,51.0,23.0,
Virginia Beach,2002,6.6,3.7,58.0,18.0,0.13,0.102,101.0,31.0,6.0,37.0,12.6,38.0,17.0,
District of Columbia,2002,7.5,4.5,74.0,25.0,0.15,0.112,92.0,21.0,7.0,56.0,16.3,46.0,18.0,
Wichita,2002,6.3,3.7,31.0,4.0,0.09,0.079,,,,33.0,10.8,110.0,26.0,
National Means,2002,6.753333333333334,3.915555555555555,67.0,20.41025641025641,0.1225,0.0951363636363636,72.29729729729729,21.72972972972973,4.27027027027027,38.422222222222224,13.624444444444444,105.36363636363636,31.795454545454547,
National First Quartile,2002,4.9,3.025,57.0,17.0,0.11,0.083,34.75,11.0,2.25,29.25,10.875000000000002,52.0,23.0,
National Median,2002,6.3,3.7,64.0,19.0,0.12,0.0955681818181818,70.0,18.0,4.0,36.0,13.6,68.5,27.0,
National Third Quartile,2002,7.6,4.425000000000001,73.25,22.0,0.14,0.1065,94.25,30.0,6.0,46.25,16.224999999999998,111.0,36.5,
Albuquerque,2003,9.6,3.5,55.0,18.0,0.1,0.082,,,,26.0,10.8,212.0,41.0,
Atlanta,2003,3.5,2.6,70.0,16.0,0.12,0.091,60.0,22.0,3.0,44.0,17.7,91.0,27.0,
Austin,2003,2.2,0.9,34.0,4.0,0.1,0.084,,,,,,53.0,23.0,
Baltimore,2003,3.9,2.6,76.0,26.0,0.13,0.089,,,,62.0,16.8,62.0,26.0,
Boston,2003,4.0,2.7,80.0,22.0,0.12,0.089,50.0,22.0,6.0,35.0,9.9,,,
Charlotte,2003,4.6,3.0,56.0,16.0,0.13,0.098,69.0,13.0,3.0,33.0,14.6,48.0,25.0,
Chicago,2003,8.2,3.4,83.0,31.0,0.11,0.088,75.0,29.0,6.0,46.0,17.4,166.0,34.0,
Cleveland,2003,5.5,3.4,68.0,22.0,0.12,0.097,149.0,52.0,9.0,46.0,17.2,89.0,36.0,
Colorado Springs,2003,6.7,3.9,,,0.09,0.077,,,,19.0,8.0,61.0,22.0,
Columbus,2003,4.8,3.0,,,0.12,0.094,43.0,22.0,4.0,39.0,16.4,89.0,33.0,
Dallas,2003,3.5,2.0,63.0,18.0,0.13,0.097,66.0,28.0,1.0,37.0,14.2,64.0,32.0,
Denver,2003,14.9,4.5,,21.0,0.14,0.095,58.0,13.0,3.0,28.0,10.6,103.0,38.0,
Detroit,2003,4.5,3.0,78.0,22.0,0.13,0.102,188.0,54.0,6.0,46.0,19.1,203.0,45.0,
El Paso,2003,11.7,6.4,81.0,20.0,0.11,0.079,14.0,7.0,2.0,43.0,19.5,719.0,63.0,
Fresno,2003,4.4,3.6,77.0,20.0,0.14,0.111,,,,56.0,17.8,89.0,43.0,
Houston,2003,5.4,4.2,67.0,19.0,0.19,0.113,89.0,33.0,6.0,29.0,14.7,95.0,39.0,
Indianapolis,2003,3.8,2.7,,16.0,0.12,0.101,122.0,24.0,5.0,39.0,17.5,62.0,26.0,
Jacksonville,2003,3.8,2.4,,14.0,0.09,0.079,115.0,30.0,3.0,21.0,9.8,184.0,31.0,
Kansas City,2003,5.5,3.0,59.0,17.0,0.11,0.09,20.0,8.0,1.0,35.0,14.4,,,
Las Vegas,2003,6.9,5.3,71.0,21.0,0.11,0.089,11.0,6.0,1.0,32.0,10.7,220.0,47.0,
Los Angeles,2003,10.4,7.2,118.0,35.0,0.19,0.137,28.0,10.0,2.0,61.0,21.4,96.0,45.0,
Louisville,2003,5.6,3.3,51.0,18.0,0.12,0.09,173.0,35.0,6.0,43.0,16.0,64.0,22.0,
Memphis,2003,4.9,3.3,63.0,20.0,0.12,0.089,112.0,38.0,6.0,32.0,13.7,51.0,28.0,
Miami,2003,5.8,3.7,52.0,14.0,0.09,0.069,48.0,10.0,1.0,18.0,9.4,52.0,30.0,
Milwaukee,2003,5.0,2.6,,,0.12,0.099,74.0,20.0,3.0,34.0,12.7,59.0,27.0,
Minneapolis,2003,6.1,4.3,52.0,12.0,0.09,0.076,100.0,58.0,3.0,29.0,12.0,75.0,37.0,
Nashville,2003,4.9,3.7,,8.0,0.1,0.086,24.0,11.0,4.0,33.0,14.3,56.0,27.0,
New York City,2003,11.2,3.3,84.0,32.0,0.14,0.102,74.0,51.0,11.0,47.0,17.0,75.0,36.0,
Oklahoma City,2003,4.6,2.8,55.0,11.0,0.1,0.082,,,,29.0,10.8,64.0,24.0,
Omaha,2003,4.2,3.4,,,0.09,0.074,19.0,4.0,0.0,30.0,11.0,132.0,43.0,
Philadelphia,2003,5.4,3.9,63.0,25.0,0.13,0.095,164.0,52.0,8.0,40.0,15.6,74.0,31.0,
Phoenix,2003,7.3,5.5,,34.0,0.12,0.087,13.0,7.0,2.0,27.0,11.3,197.0,62.0,
Portland,2003,7.1,4.5,,,0.1,0.075,,,,27.0,9.1,31.0,17.0,
Sacramento,2003,4.7,3.8,67.0,18.0,0.14,0.106,10.0,4.0,1.0,43.0,12.2,70.0,28.0,
San Antonio,2003,4.6,2.7,34.0,17.0,0.11,0.086,,,,,,41.0,20.0,
San Diego,2003,12.5,7.2,96.0,21.0,0.12,0.089,22.0,10.0,4.0,47.0,15.5,124.0,52.0,
San Francisco,2003,5.1,4.3,60.0,18.0,0.12,0.084,29.0,7.0,2.0,34.0,10.2,48.0,21.0,
San Jose,2003,5.3,3.7,66.0,21.0,0.11,0.085,,,,37.0,11.7,55.0,24.0,
San Juan,2003,9.3,4.2,,,,,56.0,9.0,3.0,,,89.0,37.0,
Seattle,2003,10.1,5.5,,18.0,0.1,0.08,37.0,9.0,2.0,40.0,10.7,56.0,22.0,
Tucson,2003,9.6,2.7,54.0,17.0,0.09,0.078,13.0,4.0,1.0,14.0,6.5,129.0,39.0,
Tulsa,2003,4.2,2.5,46.0,10.0,0.11,0.086,79.0,39.0,6.0,27.0,11.8,69.0,27.0,
Virginia Beach,2003,4.6,2.9,58.0,16.0,0.1,0.083,82.0,17.0,4.0,33.0,12.8,35.0,17.0,
District of Columbia,2003,8.3,4.0,70.0,26.0,0.14,0.097,103.0,35.0,8.0,47.0,14.3,38.0,20.0,
Wichita,2003,4.5,3.1,40.0,10.0,0.1,0.08,,,,26.0,11.2,57.0,26.0,
National Means,2003,6.282222222222223,3.6488888888888886,65.06060606060606,19.07692307692308,0.1172727272727272,0.0899999999999999,68.25714285714285,22.65714285714286,3.8857142857142857,36.04761904761905,13.530952380952376,103.4186046511628,32.395348837209305,
National First Quartile,2003,4.525,2.825,55.0,16.0,0.1,0.082,27.0,9.0,2.0,29.0,10.8,56.0,24.75,
National Median,2003,5.3,3.4,63.0,18.0,0.1186363636363636,0.089,60.0,20.0,3.0,34.5,13.165476190476188,70.0,30.0,
National Third Quartile,2003,7.15,4.05,72.25,21.0,0.125,0.096,87.25,32.25,6.0,43.0,16.0,101.25,37.75,
Albuquerque,2004,5.0,3.5,52.0,17.0,0.09,0.074,,,,21.0,8.0,207.0,40.0,
Atlanta,2004,4.6,2.6,70.0,17.0,0.12,0.092,69.0,14.0,3.0,39.0,17.6,62.0,29.0,
Austin,2004,0.9,0.6,33.0,4.0,0.11,0.082,,,,,,44.0,18.0,
Baltimore,2004,4.8,2.9,58.0,23.0,0.11,0.088,76.0,17.0,5.0,43.0,16.5,58.0,27.0,
Boston,2004,2.8,1.6,71.0,25.0,0.11,0.083,59.0,20.0,6.0,30.0,14.4,58.0,22.0,
Charlotte,2004,3.5,3.1,53.0,15.0,0.11,0.085,58.0,12.0,3.0,34.0,15.5,53.0,28.0,
Chicago,2004,4.8,3.2,82.0,29.0,0.1,0.078,174.0,44.0,7.0,46.0,16.7,220.0,33.0,
Cleveland,2004,12.8,5.4,70.0,22.0,0.09,0.079,161.0,47.0,8.0,43.0,17.5,83.0,34.0,
Colorado Springs,2004,6.5,3.1,,,0.08,0.07,,,,17.0,8.5,78.0,23.0,
Columbus,2004,4.4,2.6,,,0.1,0.078,53.0,23.0,4.0,36.0,15.0,77.0,29.0,
Dallas,2004,2.9,1.8,61.0,17.0,0.12,0.094,36.0,10.0,1.0,27.0,12.9,82.0,29.0,
Denver,2004,8.7,4.1,87.0,27.0,0.09,0.078,46.0,11.0,2.0,23.0,9.9,98.0,35.0,
Detroit,2004,4.0,2.4,54.0,19.0,0.1,0.081,141.0,48.0,6.0,39.0,16.8,182.0,41.0,
El Paso,2004,11.3,6.4,66.0,18.0,0.11,0.076,13.0,6.0,2.0,44.0,16.9,328.0,51.0,
Fresno,2004,3.9,2.8,63.0,18.0,0.12,0.092,,,,52.0,17.0,71.0,40.0,
Houston,2004,3.6,2.9,66.0,20.0,0.15,0.104,112.0,29.0,6.0,31.0,15.0,102.0,39.0,
Indianapolis,2004,4.0,2.7,72.0,16.0,0.09,0.075,116.0,29.0,6.0,32.0,16.7,61.0,25.0,
Jacksonville,2004,3.4,2.3,,14.0,0.1,0.081,41.0,9.0,2.0,26.0,11.0,40.0,26.0,
Kansas City,2004,4.1,2.4,58.0,19.0,0.09,0.071,143.0,52.0,6.0,28.0,12.0,51.0,27.0,
Las Vegas,2004,6.5,5.1,61.0,20.0,0.09,0.081,9.0,7.0,2.0,20.0,8.7,177.0,42.0,
Los Angeles,2004,8.7,6.1,102.0,34.0,0.14,0.107,32.0,11.0,5.0,66.0,20.9,81.0,38.0,
Louisville,2004,4.5,3.3,53.0,17.0,0.09,0.076,174.0,29.0,6.0,43.0,15.1,63.0,23.0,
Memphis,2004,8.0,4.0,,2.0,0.11,0.08,84.0,32.0,6.0,30.0,12.9,47.0,26.0,
Miami,2004,9.1,5.3,59.0,13.0,0.09,0.067,90.0,18.0,1.0,21.0,8.4,51.0,26.0,
Milwaukee,2004,4.9,3.0,54.0,17.0,0.1,0.073,41.0,12.0,3.0,41.0,12.9,58.0,26.0,
Minneapolis,2004,5.3,3.2,49.0,11.0,0.08,0.064,109.0,60.0,3.0,35.0,10.8,90.0,31.0,
Nashville,2004,5.0,3.8,49.0,16.0,0.1,0.078,48.0,14.0,3.0,30.0,13.1,45.0,25.0,
New York City,2004,5.4,3.3,81.0,30.0,0.11,0.088,69.0,35.0,10.0,45.0,15.6,54.0,27.0,
Oklahoma City,2004,3.4,2.2,54.0,10.0,0.09,0.077,7.0,3.0,1.0,34.0,10.3,48.0,24.0,
Omaha,2004,3.1,2.4,,,0.08,0.071,52.0,26.0,2.0,32.0,9.4,103.0,42.0,
Philadelphia,2004,5.1,3.4,64.0,26.0,0.11,0.091,106.0,56.0,6.0,35.0,15.0,63.0,24.0,
Phoenix,2004,7.5,5.1,82.0,31.0,0.1,0.08,14.0,8.0,2.0,30.0,11.6,159.0,63.0,
Portland,2004,8.6,4.8,,,0.09,0.067,,,,44.0,10.1,61.0,23.0,
Sacramento,2004,7.1,3.2,62.0,17.0,0.11,0.092,6.0,2.0,1.0,42.0,11.9,146.0,35.0,
San Antonio,2004,3.1,1.9,59.0,17.0,0.11,0.089,,,,,,97.0,22.0,
San Diego,2004,6.1,3.9,82.0,23.0,0.11,0.083,33.0,15.0,5.0,43.0,14.1,109.0,51.0,
San Francisco,2004,4.3,2.6,53.0,17.0,0.11,0.077,25.0,8.0,2.0,42.0,11.5,47.0,21.0,
San Jose,2004,3.9,2.9,61.0,19.0,0.09,0.077,,,,40.0,11.6,52.0,25.0,
San Juan,2004,5.2,3.6,,7.0,,,36.0,9.0,3.0,,,96.0,34.0,
Seattle,2004,6.4,4.0,63.0,18.0,0.09,0.075,38.0,14.0,3.0,44.0,11.7,26.0,14.0,
Tucson,2004,4.7,2.5,52.0,16.0,0.08,0.073,17.0,4.0,1.0,12.0,5.8,117.0,32.0,
Tulsa,2004,2.6,1.7,41.0,5.0,0.09,0.073,115.0,35.0,7.0,27.0,10.6,79.0,27.0,
Virginia Beach,2004,3.8,3.0,51.0,16.0,0.09,0.075,107.0,19.0,4.0,28.0,12.7,34.0,18.0,
District of Columbia,2004,4.0,3.4,65.0,24.0,0.12,0.093,71.0,21.0,6.0,42.0,14.9,55.0,27.0,
Wichita,2004,4.8,3.3,38.0,9.0,0.08,0.068,15.0,3.0,0.0,24.0,10.6,47.0,21.0,
National Means,2004,5.268888888888889,3.275555555555556,61.86842105263158,17.926829268292682,0.1011363636363636,0.0803636363636363,68.3157894736842,21.36842105263158,3.9210526315789473,34.785714285714285,13.05,88.0,30.288888888888888,
National First Quartile,2004,3.9,2.6,53.0,16.0,0.09,0.075,34.5,9.5,2.0,28.0,10.7,52.25,24.25,
National Median,2004,4.8,3.1,61.0,17.0,0.1,0.078,55.5,16.0,3.0,34.39285714285714,12.9,63.0,27.0,
National Third Quartile,2004,6.174999999999999,3.65,66.0,20.5,0.11,0.084,106.0,29.0,6.0,42.0,15.1,97.25,34.25,
Albuquerque,2005,4.3,3.1,51.0,16.0,0.09,0.077,,,,21.0,8.1,271.0,54.0,
Atlanta,2005,3.2,2.3,77.0,17.0,0.12,0.092,72.0,19.0,3.0,37.0,17.0,60.0,27.0,
Austin,2005,1.0,0.7,32.0,4.0,0.1,0.082,,,,,,33.0,19.0,
Baltimore,2005,9.2,2.7,74.0,22.0,0.13,0.099,97.0,19.0,5.0,44.0,17.2,60.0,27.0,
Boston,2005,3.6,2.3,68.0,23.0,0.12,0.089,69.0,40.0,6.0,37.0,13.7,40.0,23.0,
Charlotte,2005,2.9,2.3,52.0,15.0,0.13,0.09,91.0,14.0,3.0,34.0,15.8,51.0,27.0,
Chicago,2005,4.5,2.5,84.0,30.0,0.12,0.093,115.0,43.0,6.0,52.0,18.7,183.0,36.0,
Cleveland,2005,15.9,3.1,68.0,22.0,0.13,0.097,193.0,77.0,10.0,51.0,19.4,115.0,41.0,
Colorado Springs,2005,5.2,2.7,,,0.1,0.077,,,,17.0,7.6,46.0,22.0,
Columbus,2005,4.2,2.0,,,0.11,0.092,55.0,28.0,4.0,45.0,16.5,85.0,35.0,
Dallas,2005,7.5,2.6,57.0,17.0,0.13,0.103,63.0,14.0,2.0,29.0,13.4,54.0,31.0,
Denver,2005,4.3,2.5,75.0,28.0,0.1,0.084,43.0,9.0,2.0,29.0,10.3,97.0,39.0,
Detroit,2005,3.6,2.1,60.0,20.0,0.12,0.089,137.0,45.0,6.0,58.0,18.5,132.0,40.0,
El Paso,2005,11.5,5.4,73.0,17.0,0.13,0.081,15.0,8.0,2.0,41.0,16.8,208.0,51.0,
Fresno,2005,4.0,2.8,69.0,17.0,0.13,0.101,,,,74.0,16.9,92.0,39.0,
Houston,2005,3.8,2.6,64.0,19.0,0.16,0.102,94.0,30.0,7.0,29.0,16.4,137.0,49.0,
Indianapolis,2005,4.2,2.4,54.0,15.0,0.1,0.087,141.0,35.0,6.0,46.0,19.3,58.0,28.0,
Jacksonville,2005,3.2,2.2,,13.0,0.09,0.077,76.0,22.0,2.0,27.0,10.7,67.0,26.0,
Kansas City,2005,4.2,3.1,58.0,18.0,0.13,0.088,139.0,59.0,6.0,35.0,14.1,76.0,34.0,
Las Vegas,2005,6.3,5.2,63.0,20.0,0.12,0.089,10.0,8.0,5.0,29.0,10.0,142.0,40.0,
Los Angeles,2005,7.2,5.6,81.0,31.0,0.17,0.118,40.0,10.0,6.0,54.0,18.8,79.0,43.0,
Louisville,2005,4.0,2.6,56.0,17.0,0.12,0.089,159.0,31.0,8.0,47.0,18.5,72.0,29.0,
Memphis,2005,3.8,2.8,,,0.13,0.096,118.0,37.0,5.0,42.0,14.9,60.0,30.0,
Miami,2005,4.6,3.2,56.0,14.0,0.09,0.071,54.0,9.0,1.0,19.0,10.4,60.0,26.0,
Milwaukee,2005,9.5,4.5,55.0,17.0,0.13,0.095,44.0,12.0,3.0,42.0,14.9,60.0,29.0,
Minneapolis,2005,5.6,3.0,48.0,12.0,0.1,0.077,89.0,25.0,2.0,31.0,12.2,63.0,29.0,
Nashville,2005,4.1,3.3,54.0,18.0,0.1,0.083,26.0,13.0,3.0,41.0,14.9,56.0,28.0,
New York City,2005,4.8,3.4,83.0,36.0,0.14,0.101,72.0,39.0,11.0,43.0,17.0,66.0,30.0,
Oklahoma City,2005,3.2,2.1,53.0,12.0,0.11,0.079,7.0,4.0,1.0,30.0,11.2,48.0,24.0,
Omaha,2005,3.6,2.6,,,0.09,0.08,109.0,49.0,3.0,30.0,12.5,123.0,47.0,
Philadelphia,2005,12.1,3.4,68.0,26.0,0.14,0.095,195.0,53.0,7.0,40.0,16.8,78.0,40.0,
Phoenix,2005,7.0,4.8,82.0,32.0,0.12,0.088,15.0,7.0,2.0,42.0,12.9,200.0,74.0,
Portland,2005,6.9,4.6,,,0.09,0.064,,,,26.0,9.2,53.0,23.0,
Sacramento,2005,6.6,3.7,58.0,16.0,0.13,0.102,5.0,2.0,1.0,49.0,11.5,67.0,27.0,
San Antonio,2005,3.7,2.7,57.0,17.0,0.11,0.086,,,,,,72.0,22.0,
San Diego,2005,7.4,4.4,66.0,24.0,0.11,0.087,11.0,5.0,3.0,40.0,12.3,81.0,32.0,
San Francisco,2005,4.4,2.5,53.0,16.0,0.11,0.075,26.0,9.0,2.0,41.0,9.5,69.0,20.0,
San Jose,2005,3.9,3.0,58.0,19.0,0.1,0.071,,,,40.0,11.8,66.0,23.0,
San Juan,2005,9.2,3.3,,,0.08,0.029,44.0,23.0,4.0,19.0,8.0,116.0,36.0,
Seattle,2005,6.1,3.9,,,0.09,0.063,,,,41.0,11.5,70.0,24.0,
Tucson,2005,3.6,2.4,47.0,15.0,0.09,0.079,15.0,3.0,1.0,12.0,6.3,77.0,39.0,
Tulsa,2005,3.2,1.4,47.0,11.0,0.11,0.083,71.0,29.0,7.0,34.0,12.3,59.0,26.0,
Virginia Beach,2005,3.6,1.8,,,0.09,0.078,57.0,14.0,3.0,30.0,13.5,37.0,19.0,
District of Columbia,2005,3.8,3.2,71.0,24.0,0.11,0.092,78.0,20.0,6.0,38.0,15.7,72.0,36.0,
Wichita,2005,9.7,4.9,45.0,11.0,0.09,0.078,18.0,2.0,0.0,34.0,11.3,54.0,25.0,
National Means,2005,5.515555555555554,3.0600000000000005,61.583333333333336,18.945945945945947,0.1135555555555555,0.0855111111111111,71.97297297297297,23.405405405405407,4.162162162162162,37.2093023255814,13.681395348837208,85.88888888888889,32.644444444444446,
National First Quartile,2005,3.725000000000001,2.425,54.0,15.25,0.1,0.07825,29.5,9.0,2.0,29.75,11.275000000000002,59.25,26.0,
National Median,2005,4.3,2.8,58.0,17.0,0.11,0.087,69.0,19.0,3.0,37.2093023255814,13.5,69.0,29.0,
National Third Quartile,2005,6.674999999999999,3.325,68.5,22.0,0.13,0.09225,94.75,32.0,6.0,42.0,16.725,87.41666666666666,39.0,
Albuquerque,2006,4.1,3.0,53.0,15.0,0.09,0.074,,,,28.0,10.4,265.0,56.0,
Atlanta,2006,3.2,2.2,67.0,18.0,0.15,0.099,82.0,18.0,3.0,34.0,16.9,52.0,26.0,
Austin,2006,0.8,0.6,28.0,4.0,0.1,0.083,,,,16.0,9.0,32.0,18.0,
Baltimore,2006,3.8,2.6,63.0,21.0,0.13,0.095,72.0,17.0,4.0,37.0,14.9,53.0,25.0,
Boston,2006,3.0,1.7,55.0,23.0,0.1,0.083,52.0,16.0,4.0,32.0,11.2,46.0,22.0,
Charlotte,2006,3.0,2.3,,13.0,0.12,0.093,77.0,13.0,3.0,32.0,14.6,62.0,31.0,
Chicago,2006,4.4,2.7,97.0,31.0,0.11,0.081,97.0,28.0,5.0,33.0,15.6,121.0,32.0,
Cleveland,2006,7.3,3.9,58.0,18.0,0.1,0.083,172.0,57.0,8.0,36.0,15.0,76.0,28.0,
Colorado Springs,2006,4.0,2.4,,,0.09,0.076,,,,15.0,8.2,63.0,24.0,
Columbus,2006,2.9,2.1,,,0.09,0.082,37.0,11.0,3.0,34.0,13.6,64.0,27.0,
Dallas,2006,2.5,1.7,64.0,16.0,0.12,0.1,103.0,19.0,2.0,23.0,11.8,56.0,29.0,
Denver,2006,5.7,3.1,75.0,29.0,0.1,0.09,31.0,9.0,3.0,26.0,9.9,111.0,35.0,
Detroit,2006,3.8,2.6,48.0,16.0,0.1,0.078,143.0,49.0,6.0,43.0,16.1,79.0,32.0,
El Paso,2006,7.8,3.8,68.0,19.0,0.11,0.084,13.0,6.0,2.0,35.0,16.8,559.0,65.0,
Fresno,2006,4.0,3.2,64.0,17.0,0.13,0.101,,,,56.0,19.8,102.0,43.0,
Houston,2006,3.9,2.9,65.0,16.0,0.15,0.106,69.0,24.0,5.0,32.0,16.3,173.0,58.0,
Indianapolis,2006,3.6,2.1,45.0,15.0,0.09,0.08,127.0,28.0,10.0,38.0,15.5,59.0,24.0,
Jacksonville,2006,7.6,1.6,48.0,12.0,0.09,0.079,176.0,40.0,4.0,24.0,10.4,47.0,25.0,
Kansas City,2006,3.5,2.2,61.0,18.0,0.11,0.093,170.0,44.0,5.0,25.0,12.3,84.0,39.0,
Las Vegas,2006,6.3,5.0,66.0,21.0,0.11,0.085,8.0,7.0,1.0,24.0,9.4,142.0,35.0,
Los Angeles,2006,8.2,5.6,85.0,31.0,0.16,0.112,24.0,8.0,2.0,44.0,16.7,113.0,45.0,
Louisville,2006,4.9,2.8,47.0,15.0,0.11,0.083,177.0,40.0,7.0,40.0,15.2,57.0,23.0,
Memphis,2006,4.2,3.0,52.0,12.0,0.13,0.089,85.0,35.0,6.0,31.0,13.3,67.0,25.0,
Miami,2006,4.2,2.6,55.0,13.0,0.1,0.081,89.0,12.0,1.0,20.0,9.5,83.0,26.0,
Milwaukee,2006,4.0,2.0,48.0,15.0,0.1,0.073,29.0,8.0,3.0,44.0,14.2,54.0,25.0,
Minneapolis,2006,4.8,2.5,41.0,11.0,0.09,0.072,55.0,30.0,2.0,31.0,11.1,70.0,28.0,
Nashville,2006,3.7,3.2,56.0,17.0,0.1,0.088,20.0,9.0,3.0,32.0,14.3,50.0,25.0,
New York City,2006,5.4,2.9,86.0,34.0,0.15,0.101,70.0,34.0,10.0,42.0,14.8,,,
Oklahoma City,2006,3.1,2.0,55.0,10.0,0.1,0.088,6.0,3.0,1.0,22.0,9.4,51.0,25.0,
Omaha,2006,2.5,2.0,,,0.08,0.074,64.0,19.0,1.0,26.0,10.9,129.0,45.0,
Philadelphia,2006,4.9,3.2,74.0,21.0,0.12,0.092,139.0,54.0,7.0,38.0,14.4,68.0,22.0,
Phoenix,2006,7.7,4.6,92.0,31.0,0.11,0.085,15.0,7.0,2.0,49.0,22.4,916.0,232.0,
Portland,2006,18.0,7.5,,,0.09,0.072,15.0,6.0,2.0,38.0,9.8,44.0,20.0,
Sacramento,2006,7.3,3.5,60.0,16.0,0.13,0.105,7.0,3.0,1.0,59.0,15.2,101.0,28.0,
San Antonio,2006,3.6,2.4,53.0,15.0,0.1,0.087,,,,,,70.0,24.0,
San Diego,2006,6.6,3.3,86.0,24.0,0.12,0.094,28.0,9.0,4.0,32.0,13.1,117.0,54.0,
San Francisco,2006,4.8,2.2,61.0,16.0,0.12,0.089,28.0,8.0,2.0,39.0,10.3,60.0,22.0,
San Jose,2006,3.8,2.6,60.0,18.0,0.12,0.088,,,,36.0,10.8,97.0,34.0,
San Juan,2006,3.7,2.9,,,0.08,0.026,25.0,19.0,2.0,18.0,8.2,112.0,40.0,
Seattle,2006,4.4,3.4,,,0.13,0.087,,,,43.0,9.5,63.0,22.0,
Tucson,2006,3.4,2.0,48.0,16.0,0.09,0.076,14.0,3.0,1.0,12.0,5.8,95.0,39.0,
Tulsa,2006,2.3,1.6,49.0,11.0,0.12,0.085,66.0,27.0,6.0,23.0,10.4,,,
Virginia Beach,2006,3.4,2.5,,,0.1,0.077,72.0,15.0,3.0,32.0,12.3,40.0,21.0,
District of Columbia,2006,4.0,3.3,60.0,20.0,0.14,0.095,50.0,17.0,6.0,39.0,14.3,60.0,25.0,
Wichita,2006,5.5,4.8,49.0,10.0,0.09,0.08,4.0,4.0,0.0,20.0,8.6,80.0,26.0,
National Means,2006,4.746666666666667,2.8911111111111114,60.5945945945946,17.842105263157894,0.1104444444444444,0.0854222222222222,66.07894736842105,19.894736842105264,3.684210526315789,32.56818181818182,12.777272727272724,112.6279069767442,36.04651162790697,
National First Quartile,2006,3.525,2.2,49.75,15.0,0.1,0.08,24.5,8.0,2.0,25.0,10.3,56.75,24.75,
National Median,2006,4.0,2.6,60.0,16.0,0.11,0.085,59.5,16.5,3.0,32.0,12.538636363636362,70.0,27.0,
National Third Quartile,2006,5.025,3.2,65.25,20.0,0.12,0.09225,85.0,28.0,5.0,38.0,14.95,108.75,35.78488372093023,
Albuquerque,2007,6.9,3.4,64.0,15.0,0.09,0.074,,,,18.0,7.6,143.0,38.0,
Atlanta,2007,2.1,1.7,75.0,17.0,0.13,0.102,65.0,18.0,3.0,39.0,16.8,88.0,29.0,
Austin,2007,0.9,0.5,25.0,3.0,0.09,0.076,,,,21.0,9.7,41.0,20.0,
Baltimore,2007,3.3,2.3,,14.0,0.13,0.092,129.0,16.0,4.0,45.0,15.0,56.0,26.0,
Boston,2007,2.5,1.6,55.0,21.0,0.12,0.089,58.0,16.0,6.0,32.0,11.9,38.0,22.0,
Charlotte,2007,2.7,2.0,54.0,14.0,0.13,0.096,82.0,13.0,3.0,31.0,14.0,59.0,31.0,
Chicago,2007,8.0,3.0,119.0,33.0,0.11,0.088,119.0,25.0,5.0,39.0,16.1,115.0,33.0,
Cleveland,2007,6.7,2.9,61.0,20.0,0.11,0.083,176.0,53.0,8.0,39.0,15.8,100.0,34.0,
Colorado Springs,2007,4.0,2.1,,,0.08,0.072,,,,16.0,7.3,64.0,24.0,
Columbus,2007,2.3,1.6,,,0.1,0.087,33.0,12.0,3.0,36.0,14.7,76.0,36.0,
Dallas,2007,2.2,1.5,58.0,16.0,0.12,0.089,96.0,20.0,2.0,26.0,12.4,43.0,20.0,
Denver,2007,5.9,2.8,83.0,27.0,0.11,0.09,33.0,11.0,3.0,40.0,10.7,111.0,34.0,
Detroit,2007,2.0,1.4,48.0,14.0,0.11,0.093,,,5.0,37.0,16.9,117.0,32.0,
El Paso,2007,5.7,3.2,71.0,18.0,0.1,0.078,10.0,4.0,1.0,47.0,18.1,179.0,46.0,
Fresno,2007,3.5,2.5,60.0,17.0,0.11,0.094,,,,67.0,18.8,89.0,38.0,
Houston,2007,3.5,2.5,62.0,17.0,0.13,0.09,62.0,17.0,3.0,33.0,15.6,190.0,57.0,
Indianapolis,2007,7.9,3.6,48.0,13.0,0.1,0.084,140.0,36.0,5.0,39.0,17.3,59.0,27.0,
Jacksonville,2007,2.6,1.9,43.0,10.0,0.11,0.081,82.0,28.0,4.0,60.0,10.4,60.0,25.0,
Kansas City,2007,2.9,2.1,60.0,18.0,0.11,0.089,160.0,61.0,4.0,27.0,12.3,76.0,35.0,
Las Vegas,2007,4.6,3.8,,,0.1,0.085,6.0,3.0,0.0,23.0,10.3,127.0,39.0,
Los Angeles,2007,7.0,4.9,88.0,31.0,0.14,0.105,19.0,9.0,3.0,47.0,16.0,131.0,39.0,
Louisville,2007,3.7,2.1,52.0,16.0,0.11,0.09,194.0,36.0,6.0,43.0,16.5,61.0,27.0,
Memphis,2007,2.9,2.0,51.0,11.0,0.11,0.084,76.0,26.0,6.0,35.0,13.6,57.0,26.0,
Miami,2007,3.7,2.1,54.0,11.0,0.09,0.071,51.0,10.0,0.0,41.0,9.4,106.0,24.0,
Milwaukee,2007,1.7,0.7,50.0,14.0,0.1,0.084,,,,41.0,16.3,70.0,26.0,
Minneapolis,2007,2.5,1.9,43.0,9.0,0.09,0.077,23.0,7.0,1.0,29.0,10.9,85.0,29.0,
Nashville,2007,2.9,2.1,57.0,18.0,0.1,0.089,40.0,12.0,3.0,40.0,14.9,57.0,27.0,
New York City,2007,3.1,2.4,79.0,34.0,0.13,0.094,62.0,36.0,10.0,39.0,16.1,59.0,33.0,
Oklahoma City,2007,3.1,2.2,52.0,10.0,0.09,0.076,7.0,4.0,2.0,27.0,11.7,51.0,22.0,
Omaha,2007,2.2,2.4,,,0.08,0.07,95.0,25.0,2.0,33.0,11.2,132.0,41.0,
Philadelphia,2007,5.6,5.5,64.0,23.0,0.14,0.102,50.0,21.0,6.0,40.0,15.0,71.0,34.0,
Phoenix,2007,6.0,4.1,76.0,29.0,0.1,0.079,12.0,5.0,2.0,54.0,22.5,1838.0,181.0,
Portland,2007,3.9,2.7,,,0.08,0.06,8.0,5.0,1.0,31.0,8.2,48.0,22.0,
Sacramento,2007,5.8,4.1,57.0,15.0,0.11,0.093,5.0,3.0,1.0,60.0,12.3,61.0,27.0,
San Antonio,2007,2.7,1.6,54.0,15.0,0.09,0.074,,,,,,104.0,23.0,
San Diego,2007,6.3,4.8,82.0,22.0,0.11,0.086,16.0,5.0,3.0,53.0,13.3,146.0,58.0,
San Francisco,2007,4.1,2.1,53.0,16.0,0.1,0.071,27.0,8.0,2.0,45.0,9.0,63.0,20.0,
San Jose,2007,3.4,2.4,54.0,17.0,0.09,0.075,,,,39.0,10.7,67.0,24.0,
San Juan,2007,4.1,3.2,,,0.08,0.033,32.0,23.0,3.0,16.0,7.4,111.0,39.0,
Seattle,2007,3.5,2.6,,,0.09,0.068,,,,45.0,9.7,58.0,20.0,
Tucson,2007,3.1,1.9,49.0,13.0,0.08,0.073,13.0,3.0,1.0,14.0,5.8,123.0,40.0,
Tulsa,2007,3.0,1.8,,10.0,0.11,0.075,60.0,30.0,5.0,28.0,12.2,90.0,27.0,
Virginia Beach,2007,1.9,1.1,,12.0,0.1,0.078,70.0,17.0,5.0,29.0,11.4,37.0,20.0,
District of Columbia,2007,3.8,2.7,58.0,18.0,0.11,0.092,42.0,13.0,5.0,48.0,14.4,52.0,23.0,
Wichita,2007,3.6,2.9,46.0,10.0,0.08,0.07,4.0,3.0,1.0,28.0,11.4,58.0,27.0,
National Means,2007,3.8622222222222224,2.5044444444444447,60.142857142857146,16.86842105263158,0.1044444444444444,0.0822444444444444,59.91666666666666,17.61111111111111,3.4324324324324325,36.81818181818182,12.990909090909089,123.71111111111112,33.888888888888886,
National First Quartile,2007,2.7,1.9,51.75,13.0,0.09,0.075,19.0,7.0,2.0,29.0,10.7,58.25,24.0,
National Median,2007,3.5,2.3,57.0,16.0,0.1,0.084,50.5,14.5,3.0,38.0,12.35,71.0,27.0,
National Third Quartile,2007,4.225,2.9,63.5,18.0,0.11,0.09,79.0,24.0,5.0,42.0,15.7,112.0,35.25,
Albuquerque,2008,4.6,2.6,65.0,13.0,0.09,0.07,,,,11.0,6.0,135.0,33.0,
Atlanta,2008,2.1,1.8,63.0,15.0,0.12,0.089,55.0,15.0,3.0,32.0,14.3,46.0,22.0,
Austin,2008,0.6,0.4,26.0,3.0,0.09,0.074,,,,22.0,10.0,36.0,18.0,
Baltimore,2008,2.6,2.0,52.0,19.0,0.12,0.089,56.0,13.0,3.0,34.0,12.8,44.0,19.0,
Boston,2008,3.2,2.1,60.0,22.0,0.1,0.078,62.0,14.0,5.0,28.0,11.2,39.0,23.0,
Charlotte,2008,2.1,1.6,50.0,11.0,0.12,0.093,73.0,13.0,2.0,25.0,13.3,44.0,24.0,
Chicago,2008,7.1,3.0,132.0,31.0,0.09,0.072,97.0,22.0,6.0,34.0,13.8,117.0,29.0,
Cleveland,2008,7.5,4.8,58.0,17.0,0.1,0.083,164.0,39.0,7.0,40.0,14.6,95.0,36.0,
Colorado Springs,2008,3.5,2.3,,,0.09,0.072,,,,,,46.0,21.0,
Columbus,2008,2.5,1.6,,,0.09,0.083,29.0,11.0,2.0,33.0,13.0,79.0,31.0,
Dallas,2008,2.3,1.6,57.0,14.0,0.11,0.085,58.0,12.0,1.0,30.0,11.9,43.0,22.0,
Denver,2008,7.0,3.1,71.0,17.0,0.1,0.08,28.0,6.0,2.0,25.0,9.5,107.0,31.0,
Detroit,2008,1.9,1.1,49.0,13.0,0.1,0.076,101.0,45.0,5.0,34.0,13.3,72.0,26.0,
El Paso,2008,8.0,4.8,67.0,17.0,0.12,0.078,13.0,5.0,1.0,42.0,15.9,223.0,36.0,
Fresno,2008,2.8,2.1,66.0,16.0,0.14,0.108,6.0,3.0,1.0,57.0,17.9,87.0,40.0,
Houston,2008,8.1,5.2,66.0,16.0,0.13,0.083,62.0,15.0,2.0,31.0,11.8,59.0,32.0,
Indianapolis,2008,3.5,2.1,45.0,12.0,0.1,0.075,91.0,19.0,4.0,34.0,15.1,55.0,24.0,
Jacksonville,2008,2.2,1.6,42.0,9.0,0.08,0.071,32.0,12.0,1.0,22.0,9.2,,,
Kansas City,2008,2.2,1.4,62.0,17.0,0.1,0.07,177.0,62.0,6.0,28.0,13.0,103.0,41.0,
Las Vegas,2008,4.7,3.7,58.0,17.0,0.1,0.08,,,,22.0,9.3,168.0,32.0,
Los Angeles,2008,5.7,4.1,88.0,30.0,0.15,0.112,30.0,8.0,2.0,41.0,16.2,125.0,44.0,
Louisville,2008,6.9,2.2,56.0,15.0,0.1,0.077,192.0,36.0,6.0,33.0,14.5,54.0,22.0,
Memphis,2008,2.5,1.5,50.0,10.0,0.11,0.084,14.0,12.0,3.0,27.0,11.7,43.0,22.0,
Miami,2008,3.9,2.5,42.0,9.0,0.1,0.074,25.0,4.0,1.0,22.0,8.5,63.0,26.0,
Milwaukee,2008,,,44.0,12.0,0.09,0.069,,,,37.0,13.5,50.0,22.0,
Minneapolis,2008,3.1,2.4,51.0,9.0,0.08,0.063,39.0,13.0,1.0,32.0,11.5,53.0,26.0,
Nashville,2008,3.2,1.9,50.0,15.0,0.1,0.081,17.0,7.0,2.0,,,38.0,21.0,
New York City,2008,3.4,2.1,77.0,26.0,0.13,0.087,62.0,26.0,7.0,34.0,13.5,74.0,29.0,
Oklahoma City,2008,2.1,1.1,54.0,10.0,0.1,0.076,8.0,5.0,1.0,24.0,10.7,39.0,22.0,
Omaha,2008,2.9,2.0,,,0.08,0.059,70.0,31.0,1.0,22.0,10.3,132.0,44.0,
Philadelphia,2008,5.6,2.0,68.0,20.0,0.11,0.089,51.0,22.0,6.0,38.0,13.8,62.0,27.0,
Phoenix,2008,4.5,3.0,73.0,26.0,0.1,0.081,8.0,4.0,2.0,41.0,19.6,539.0,162.0,
Portland,2008,3.3,2.5,40.0,11.0,0.1,0.066,8.0,4.0,1.0,27.0,8.4,40.0,19.0,
Sacramento,2008,3.1,2.6,59.0,15.0,0.16,0.114,,,,56.0,13.9,109.0,32.0,
San Antonio,2008,4.7,2.6,54.0,14.0,0.09,0.078,37.0,7.0,1.0,24.0,9.3,55.0,19.0,
San Diego,2008,5.9,3.5,78.0,24.0,0.13,0.098,20.0,7.0,3.0,30.0,13.7,146.0,56.0,
San Francisco,2008,3.8,2.0,55.0,16.0,0.13,0.087,31.0,10.0,2.0,35.0,10.1,59.0,23.0,
San Jose,2008,2.9,2.2,55.0,17.0,0.11,0.086,,,,32.0,11.5,40.0,22.0,
San Juan,2008,3.7,2.7,,,0.09,0.044,18.0,4.0,3.0,19.0,6.3,100.0,25.0,
Seattle,2008,3.4,2.3,,,0.1,0.075,32.0,11.0,1.0,44.0,9.8,,,
Tucson,2008,2.5,1.5,49.0,13.0,0.09,0.074,12.0,3.0,1.0,12.0,5.7,121.0,40.0,
Tulsa,2008,2.0,1.3,,,0.1,0.079,85.0,36.0,7.0,24.0,11.6,85.0,29.0,
Virginia Beach,2008,4.5,1.9,44.0,10.0,0.1,0.079,47.0,11.0,3.0,59.0,13.7,71.0,22.0,
District of Columbia,2008,4.0,3.1,61.0,18.0,0.12,0.085,37.0,16.0,6.0,35.0,12.4,47.0,20.0,
Wichita,2008,3.4,2.1,40.0,9.0,0.08,0.068,5.0,3.0,2.0,23.0,9.7,80.0,31.0,
National Means,2008,3.852272727272728,2.3636363636363638,58.38461538461539,15.58974358974359,0.1053333333333333,0.0798666666666666,51.36842105263158,15.421052631578949,2.973684210526316,31.511627906976745,11.995348837209304,88.90697674418605,31.27906976744186,
National First Quartile,2008,2.5,1.8,49.75,11.75,0.09,0.074,19.0,6.5,1.0,24.0,9.95,46.0,22.0,
National Median,2008,3.4,2.1,56.0,15.0,0.1,0.079,37.0,12.0,2.0,31.511627906976745,11.9,63.0,26.0,
National Third Quartile,2008,4.55,2.6,64.5,17.0,0.1125,0.085,62.0,16.0,4.0,34.75,13.7,102.25,32.0,
Albuquerque,2009,2.6,2.4,48.0,12.0,0.08,0.068,,,,17.0,5.3,119.0,40.0,
Atlanta,2009,2.7,1.5,50.0,11.0,0.1,0.077,31.0,10.0,2.0,26.0,12.1,34.0,21.0,
Austin,2009,0.7,0.4,20.0,3.0,0.08,0.076,,,,27.0,10.1,41.0,18.0,
Baltimore,2009,5.8,1.9,59.0,18.0,0.12,0.083,54.0,16.0,3.0,31.0,12.1,24.0,15.0,
Boston,2009,2.3,1.6,58.0,20.0,0.09,0.075,42.0,12.0,3.0,24.0,10.3,42.0,18.0,
Charlotte,2009,2.1,1.7,44.0,10.0,0.09,0.073,26.0,6.0,1.0,21.0,10.7,40.0,22.0,
Chicago,2009,7.5,2.3,79.0,25.0,0.09,0.075,114.0,35.0,4.0,35.0,13.4,77.0,27.0,0.06
Cleveland,2009,17.3,6.6,,17.0,0.09,0.072,186.0,70.0,10.0,30.0,12.9,74.0,34.0,
Colorado Springs,2009,3.6,1.9,,,0.07,0.064,,,,11.0,5.6,32.0,17.0,
Columbus,2009,2.2,1.5,,,0.08,0.073,,,,26.0,11.5,56.0,26.0,
Dallas,2009,2.3,1.5,52.0,12.0,0.11,0.091,18.0,4.0,1.0,21.0,10.2,43.0,18.0,0.35
Denver,2009,6.8,2.2,,14.0,0.1,0.079,33.0,5.0,1.0,22.0,8.1,93.0,28.0,
Detroit,2009,1.9,1.2,50.0,13.0,0.09,0.073,79.0,29.0,3.0,36.0,12.1,73.0,21.0,
El Paso,2009,6.2,4.0,62.0,16.0,0.1,0.072,11.0,4.0,1.0,41.0,15.4,90.0,31.0,0.04
Fresno,2009,2.9,2.0,57.0,14.0,0.12,0.1,8.0,4.0,2.0,56.0,15.1,71.0,35.0,
Houston,2009,3.1,2.0,59.0,14.0,0.14,0.091,59.0,30.0,4.0,26.0,12.6,102.0,36.0,0.01
Indianapolis,2009,4.0,2.5,39.0,11.0,0.09,0.075,98.0,24.0,3.0,28.0,13.7,54.0,24.0,0.03
Jacksonville,2009,2.0,1.6,38.0,8.0,0.09,0.065,73.0,22.0,2.0,33.0,8.3,61.0,23.0,
Kansas City,2009,2.3,1.6,50.0,15.0,0.1,0.075,175.0,69.0,6.0,25.0,10.6,48.0,27.0,
Las Vegas,2009,4.7,3.1,54.0,15.0,0.09,0.074,,,,18.0,9.1,121.0,28.0,
Los Angeles,2009,5.5,4.5,78.0,28.0,0.15,0.108,7.0,3.0,1.0,47.0,19.9,88.0,45.0,0.5
Louisville,2009,2.8,2.1,51.0,14.0,0.1,0.078,125.0,31.0,4.0,26.0,13.0,47.0,20.0,
Memphis,2009,2.7,2.0,40.0,9.0,0.09,0.071,10.0,4.0,3.0,22.0,9.9,41.0,18.0,
Miami,2009,2.8,2.2,43.0,9.0,0.08,0.064,61.0,14.0,1.0,16.0,7.5,65.0,23.0,
Milwaukee,2009,,,49.0,12.0,0.09,0.072,,,,42.0,11.9,39.0,20.0,
Minneapolis,2009,2.5,2.0,41.0,9.0,0.08,0.063,38.0,26.0,1.0,40.0,10.7,50.0,23.0,
Nashville,2009,2.2,1.7,41.0,12.0,0.09,0.07,13.0,7.0,2.0,,,34.0,19.0,
New York City,2009,4.2,2.1,72.0,26.0,0.1,0.081,61.0,26.0,6.0,33.0,12.7,78.0,28.0,0.08
Oklahoma City,2009,2.0,1.2,45.0,8.0,0.09,0.076,5.0,2.0,1.0,20.0,9.5,47.0,24.0,
Omaha,2009,2.9,2.3,,,0.07,0.064,73.0,22.0,2.0,21.0,10.2,113.0,28.0,
Philadelphia,2009,3.3,2.3,56.0,20.0,0.1,0.074,32.0,18.0,6.0,37.0,11.3,80.0,37.0,0.03
Phoenix,2009,5.0,3.3,70.0,25.0,0.09,0.073,10.0,4.0,2.0,72.0,14.2,887.0,104.0,
Portland,2009,4.1,2.3,40.0,10.0,0.1,0.069,9.0,4.0,2.0,33.0,9.2,43.0,18.0,
Sacramento,2009,3.2,2.8,51.0,13.0,0.12,0.096,3.0,2.0,0.0,39.0,11.3,74.0,25.0,
San Antonio,2009,3.1,1.8,48.0,12.0,0.09,0.075,31.0,4.0,1.0,21.0,9.4,84.0,21.0,
San Diego,2009,4.3,3.0,77.0,21.0,0.11,0.085,24.0,7.0,4.0,30.0,15.0,114.0,53.0,
San Francisco,2009,3.8,1.9,55.0,16.0,0.11,0.081,18.0,7.0,1.0,32.0,9.4,35.0,18.0,
San Jose,2009,2.9,2.3,51.0,15.0,0.1,0.077,,,,30.0,10.1,40.0,19.0,
San Juan,2009,9.4,2.5,,,0.17,0.043,20.0,3.0,1.0,,,125.0,24.0,
Seattle,2009,4.0,2.6,,,0.09,0.076,28.0,8.0,1.0,48.0,9.8,,,
Tucson,2009,2.2,1.2,44.0,12.0,0.08,0.068,5.0,2.0,1.0,12.0,5.5,127.0,39.0,
Tulsa,2009,3.2,1.3,,9.0,0.1,0.074,63.0,23.0,4.0,23.0,10.7,77.0,24.0,
Virginia Beach,2009,1.3,0.8,,,0.08,0.066,,,,20.0,9.6,35.0,18.0,
District of Columbia,2009,4.2,3.8,63.0,18.0,0.1,0.072,39.0,17.0,5.0,26.0,10.7,47.0,19.0,
Wichita,2009,2.8,1.7,40.0,8.0,0.09,0.073,4.0,2.0,1.0,19.0,8.9,55.0,25.0,
National Means,2009,3.804545454545455,2.209090909090909,52.05555555555556,14.205128205128204,0.0975555555555555,0.0751111111111111,45.567567567567565,15.567567567567568,2.5945945945945947,29.37209302325581,10.920930232558137,84.54545454545455,27.295454545454547,0.1375
National First Quartile,2009,2.3,1.6,44.0,10.75,0.09,0.07125,11.5,4.0,1.0,21.0,9.475,42.0,19.0,0.03
National Median,2009,3.0,2.0,50.5,13.0,0.09,0.074,31.0,8.0,2.0,26.0,10.7,58.5,24.0,0.05
National Third Quartile,2009,4.15,2.35,57.5,16.0,0.1,0.077,61.0,22.25,3.25,33.0,12.1,84.27272727272728,28.0,0.10875
Albuquerque,2010,2.9,2.6,53.0,12.0,0.08,0.069,,,,15.0,5.3,122.0,43.0,
Atlanta,2010,2.3,1.9,58.0,14.0,0.11,0.08,33.0,10.0,2.0,25.0,14.5,51.0,19.0,0.02
Austin,2010,1.0,0.5,21.0,3.0,0.09,0.074,,,,18.0,10.0,34.0,17.0,
Baltimore,2010,2.7,1.9,61.0,18.0,0.12,0.096,20.0,7.0,2.0,32.0,12.7,45.0,16.0,
Boston,2010,2.5,1.8,53.0,19.0,0.09,0.073,45.0,11.0,3.0,25.0,10.0,41.0,16.0,
Charlotte,2010,2.3,1.7,50.0,12.0,0.11,0.082,20.0,6.0,1.0,25.0,12.1,48.0,23.0,
Chicago,2010,5.6,2.4,71.0,25.0,0.1,0.081,90.0,24.0,4.0,36.0,18.6,69.0,32.0,0.24
Cleveland,2010,8.8,3.5,58.0,16.0,0.1,0.081,139.0,49.0,8.0,33.0,14.0,72.0,31.0,0.53
Colorado Springs,2010,3.8,2.1,,,0.09,0.072,,,,12.0,6.2,38.0,20.0,
Columbus,2010,2.7,1.7,,,0.09,0.077,,,,34.0,13.1,126.0,32.0,0.01
Dallas,2010,2.2,1.5,57.0,13.0,0.11,0.085,17.0,5.0,1.0,23.0,10.8,62.0,28.0,0.37
Denver,2010,4.0,2.4,71.0,28.0,0.1,0.079,37.0,9.0,2.0,23.0,8.6,68.0,28.0,0.01
Detroit,2010,2.2,1.2,54.0,12.0,0.1,0.078,107.0,49.0,3.0,32.0,12.3,73.0,21.0,0.01
El Paso,2010,6.2,2.9,63.0,17.0,0.1,0.073,10.0,3.0,1.0,27.0,8.4,249.0,32.0,0.04
Fresno,2010,2.9,2.0,54.0,13.0,0.13,0.103,7.0,3.0,1.0,49.0,14.6,61.0,28.0,
Houston,2010,3.0,1.7,60.0,15.0,0.13,0.088,46.0,14.0,2.0,24.0,12.3,82.0,35.0,0.01
Indianapolis,2010,4.3,2.8,54.0,13.0,0.08,0.072,105.0,29.0,3.0,37.0,15.1,83.0,32.0,0.08
Jacksonville,2010,2.2,1.9,44.0,9.0,0.09,0.068,216.0,58.0,4.0,20.0,9.4,62.0,22.0,
Kansas City,2010,2.1,1.6,54.0,15.0,0.1,0.076,49.0,13.0,5.0,31.0,11.0,65.0,30.0,
Las Vegas,2010,3.6,3.0,56.0,13.0,0.09,0.074,,,,22.0,7.4,61.0,24.0,
Los Angeles,2010,5.5,3.6,73.0,26.0,0.12,0.09,16.0,5.0,1.0,32.0,12.6,71.0,33.0,0.39
Louisville,2010,2.9,2.2,,,0.12,0.085,123.0,21.0,4.0,29.0,14.7,74.0,22.0,
Memphis,2010,2.5,1.8,51.0,10.0,0.1,0.078,10.0,5.0,3.0,23.0,11.8,43.0,21.0,
Miami,2010,2.6,1.6,49.0,10.0,0.08,0.069,38.0,6.0,1.0,17.0,8.5,44.0,24.0,
Milwaukee,2010,,,50.0,13.0,0.1,0.082,,,,36.0,11.4,50.0,22.0,
Minneapolis,2010,4.4,2.2,51.0,10.0,0.09,0.067,29.0,10.0,1.0,36.0,10.2,74.0,29.0,0.26
Nashville,2010,2.9,2.0,46.0,13.0,0.1,0.078,14.0,6.0,2.0,,,42.0,22.0,
New York City,2010,5.7,2.2,71.0,22.0,0.12,0.087,50.0,24.0,5.0,28.0,11.5,,,0.04
Oklahoma City,2010,1.6,0.8,47.0,9.0,0.09,0.072,6.0,4.0,1.0,19.0,9.5,41.0,22.0,
Omaha,2010,2.2,1.7,,,0.08,0.067,58.0,26.0,2.0,32.0,12.2,145.0,43.0,0.26
Philadelphia,2010,3.0,1.8,62.0,23.0,0.11,0.088,34.0,18.0,3.0,35.0,13.8,85.0,30.0,0.05
Phoenix,2010,8.9,3.2,68.0,25.0,0.1,0.079,10.0,5.0,2.0,27.0,12.4,226.0,82.0,
Portland,2010,2.8,2.4,33.0,9.0,0.09,0.066,8.0,3.0,1.0,18.0,6.6,29.0,15.0,0.03
Sacramento,2010,2.2,1.9,54.0,12.0,0.12,0.096,1.0,1.0,0.0,27.0,8.7,54.0,21.0,
San Antonio,2010,1.3,1.3,32.0,4.0,0.1,0.078,,,,16.0,8.7,55.0,19.0,
San Diego,2010,3.8,2.4,74.0,21.0,0.11,0.081,18.0,7.0,2.0,23.0,10.8,101.0,46.0,
San Francisco,2010,3.0,1.7,77.0,16.0,0.1,0.078,15.0,5.0,1.0,33.0,10.5,45.0,20.0,
San Jose,2010,2.6,1.8,51.0,14.0,0.11,0.08,4.0,2.0,0.0,29.0,8.8,37.0,18.0,
San Juan,2010,12.9,4.0,,,0.09,0.043,70.0,11.0,2.0,,,145.0,31.0,
Seattle,2010,1.1,0.7,,,0.09,0.068,25.0,8.0,1.0,24.0,7.1,,,
Tucson,2010,2.5,1.3,46.0,12.0,0.08,0.069,10.0,1.0,1.0,12.0,5.2,66.0,30.0,
Tulsa,2010,3.0,1.8,38.0,8.0,0.09,0.073,63.0,26.0,5.0,22.0,10.7,74.0,24.0,
Virginia Beach,2010,2.3,1.7,,,0.11,0.078,41.0,8.0,2.0,24.0,10.3,37.0,18.0,
District of Columbia,2010,3.7,3.1,59.0,18.0,0.11,0.089,21.0,11.0,3.0,28.0,12.1,85.0,22.0,
Wichita,2010,5.7,2.7,39.0,8.0,0.09,0.075,12.0,2.0,1.0,22.0,8.8,57.0,21.0,
National Means,2010,3.5545454545454547,2.0681818181818183,54.28947368421053,14.473684210526317,0.1002222222222222,0.0777111111111111,42.55263157894737,13.289473684210526,2.263157894736842,26.3953488372093,10.774418604651164,74.23255813953489,27.069767441860463,0.1468749999999999
National First Quartile,2010,2.3,1.7,49.5,11.0,0.09,0.07225,13.0,5.0,1.0,22.0,8.775,45.0,21.0,0.02
National Median,2010,2.9,1.9,54.0,13.0,0.1,0.078,27.0,8.0,2.0,25.0,10.774418604651164,62.0,24.0,0.045
National Third Quartile,2010,3.8,2.4,60.0,17.0,0.11,0.08125,49.0,14.0,3.0,32.0,12.3,74.17441860465117,30.75,0.25
Albuquerque,2011,3.1,2.2,50.0,13.0,0.09,0.076,4.0,2.0,0.0,40.0,6.9,165.0,36.0,
Atlanta,2011,1.8,1.5,57.0,13.0,0.11,0.084,25.0,6.0,2.0,27.0,12.5,47.0,21.0,0.02
Austin,2011,0.7,0.5,21.0,3.0,0.09,0.077,,,,22.0,10.6,33.0,18.0,
Baltimore,2011,2.3,1.6,54.0,18.0,0.12,0.098,,,,29.0,13.1,37.0,15.0,
Boston,2011,2.5,1.7,53.0,20.0,0.1,0.073,37.0,10.0,2.0,24.0,10.3,41.0,17.0,0.0
Charlotte,2011,2.0,1.5,42.0,10.0,0.11,0.088,15.0,3.0,1.0,26.0,11.0,43.0,20.0,
Chicago,2011,3.6,2.3,65.0,23.0,0.11,0.081,90.0,19.0,3.0,28.0,13.4,83.0,30.0,0.29
Cleveland,2011,5.5,3.1,50.0,15.0,0.1,0.081,145.0,55.0,7.0,28.0,12.6,122.0,37.0,0.41
Colorado Springs,2011,2.7,1.5,,,0.09,0.075,,,,18.0,5.9,45.0,19.0,
Columbus,2011,2.3,1.5,,,0.1,0.087,,,,27.0,11.9,77.0,23.0,0.01
Dallas,2011,1.6,1.3,57.0,13.0,0.11,0.097,13.0,4.0,1.0,23.0,11.1,57.0,29.0,0.52
Denver,2011,3.1,1.8,64.0,24.0,0.1,0.083,34.0,7.0,2.0,20.0,7.6,92.0,33.0,0.02
Detroit,2011,2.0,1.5,49.0,12.0,0.1,0.083,47.0,10.0,3.0,30.0,11.2,51.0,21.0,0.02
El Paso,2011,4.2,2.7,61.0,17.0,0.09,0.071,11.0,3.0,1.0,39.0,12.9,252.0,43.0,0.03
Fresno,2011,3.0,2.2,50.0,13.0,0.13,0.102,,,,76.0,17.9,84.0,31.0,
Houston,2011,3.0,2.0,60.0,14.0,0.13,0.09,41.0,12.0,2.0,24.0,13.2,92.0,41.0,0.01
Indianapolis,2011,6.6,2.3,47.0,11.0,0.09,0.077,63.0,19.0,3.0,35.0,17.5,56.0,25.0,0.06
Jacksonville,2011,5.9,2.2,39.0,8.0,0.09,0.071,39.0,7.0,1.0,,,101.0,21.0,
Kansas City,2011,2.2,1.5,54.0,15.0,0.11,0.08,162.0,60.0,5.0,25.0,10.8,56.0,30.0,
Las Vegas,2011,3.5,3.0,48.0,13.0,0.09,0.078,8.0,4.0,1.0,21.0,8.2,102.0,26.0,
Los Angeles,2011,5.6,3.8,74.0,25.0,0.13,0.101,25.0,7.0,0.0,34.0,13.3,76.0,33.0,0.46
Louisville,2011,2.5,1.9,,,0.12,0.09,114.0,17.0,4.0,29.0,12.9,75.0,21.0,
Memphis,2011,2.6,2.2,46.0,10.0,0.11,0.082,16.0,6.0,3.0,22.0,11.7,35.0,20.0,
Miami,2011,3.0,1.4,47.0,8.0,0.09,0.063,17.0,3.0,0.0,20.0,8.6,49.0,22.0,
Milwaukee,2011,,,52.0,11.0,0.1,0.075,25.0,7.0,1.0,27.0,11.9,50.0,21.0,
Minneapolis,2011,4.8,1.7,46.0,9.0,0.08,0.065,16.0,4.0,1.0,28.0,10.0,84.0,28.0,
Nashville,2011,1.9,1.5,42.0,12.0,0.1,0.077,12.0,5.0,2.0,,,33.0,19.0,
New York City,2011,4.0,2.8,71.0,25.0,0.12,0.089,41.0,20.0,5.0,33.0,12.2,63.0,30.0,1.03
Oklahoma City,2011,1.3,1.0,55.0,10.0,0.1,0.084,5.0,3.0,1.0,23.0,10.2,62.0,28.0,
Omaha,2011,2.4,1.6,,,0.08,0.066,,,,28.0,11.7,83.0,26.0,0.14
Philadelphia,2011,2.5,1.8,76.0,20.0,0.11,0.092,22.0,10.0,3.0,32.0,13.0,74.0,33.0,0.02
Phoenix,2011,3.9,2.9,65.0,25.0,0.1,0.082,8.0,4.0,1.0,42.0,13.2,1638.0,139.0,
Portland,2011,3.0,2.4,34.0,9.0,0.08,0.063,,,,40.0,8.6,46.0,14.0,0.04
Sacramento,2011,3.0,2.4,50.0,13.0,0.12,0.094,2.0,1.0,0.0,55.0,12.7,58.0,25.0,
San Antonio,2011,,,28.0,4.0,0.09,0.079,,,,27.0,9.7,45.0,23.0,
San Diego,2011,3.4,2.2,73.0,20.0,0.1,0.082,1.0,0.0,0.0,24.0,10.9,99.0,45.0,
San Francisco,2011,3.7,2.6,80.0,16.0,0.1,0.075,21.0,6.0,3.0,28.0,10.1,44.0,18.0,
San Jose,2011,2.3,2.0,49.0,15.0,0.09,0.069,17.0,5.0,1.0,31.0,9.9,40.0,18.0,
San Juan,2011,16.3,3.1,,,0.09,0.043,,,,,,76.0,28.0,
Seattle,2011,1.0,0.8,,,0.08,0.059,23.0,8.0,1.0,36.0,8.5,,,
Tucson,2011,2.5,1.6,47.0,12.0,0.09,0.075,6.0,1.0,0.0,14.0,5.8,226.0,42.0,
Tulsa,2011,2.0,1.4,,9.0,0.11,0.085,68.0,25.0,5.0,24.0,11.2,113.0,28.0,
Virginia Beach,2011,4.2,1.4,43.0,10.0,0.1,0.076,54.0,9.0,2.0,42.0,10.5,58.0,19.0,
District of Columbia,2011,4.2,2.4,55.0,16.0,0.11,0.087,20.0,8.0,4.0,27.0,11.8,42.0,18.0,
Wichita,2011,3.6,3.4,69.0,12.0,0.1,0.08,,,,28.0,9.6,80.0,24.0,
National Means,2011,3.37906976744186,2.0046511627906978,53.23684210526316,14.0,0.1013333333333333,0.0796666666666666,35.628571428571426,10.571428571428571,2.0285714285714285,29.904761904761905,11.10952380952381,111.02272727272728,28.59090909090909,0.1925
National First Quartile,2011,2.3,1.5,47.0,10.0,0.09,0.075,12.75,4.0,1.0,24.0,9.95,46.0,20.0,0.02
National Median,2011,3.0,1.9,51.0,13.0,0.1,0.08,22.0,7.0,2.0,28.0,11.104761904761904,62.5,25.0,0.035
National Third Quartile,2011,3.675,2.375,60.0,16.0,0.11,0.0854999999999999,40.5,10.0,3.0,32.0,12.6,88.0,30.0,0.24125
Albuquerque,2012,3.2,2.2,49.0,14.0,0.09,0.077,6.0,2.0,1.0,25.0,7.4,152.0,31.0,0.01
Atlanta,2012,1.7,1.4,53.0,12.0,0.11,0.088,11.0,3.0,1.0,23.0,13.6,38.0,20.0,0.03
Austin,2012,0.7,0.4,,,0.1,0.076,,,,17.0,7.8,32.0,15.0,
Baltimore,2012,2.5,1.6,56.0,16.0,0.11,0.087,19.0,6.0,2.0,25.0,12.0,31.0,16.0,
Boston,2012,2.1,1.6,49.0,19.0,0.1,0.074,21.0,6.0,2.0,23.0,9.5,37.0,17.0,0.0
Charlotte,2012,3.0,1.5,,9.0,0.11,0.085,8.0,2.0,0.0,21.0,9.6,38.0,18.0,0.0
Chicago,2012,4.0,1.9,63.0,22.0,0.12,0.093,108.0,22.0,3.0,32.0,12.5,153.0,27.0,0.13
Cleveland,2012,7.5,4.6,48.0,14.0,0.11,0.089,163.0,55.0,5.0,29.0,12.3,189.0,51.0,0.03
Colorado Springs,2012,2.7,1.4,,,0.09,0.075,,,,,,,,
Columbus,2012,2.6,1.6,,,0.11,0.082,,,,22.0,10.9,62.0,29.0,0.01
Dallas,2012,1.7,1.4,53.0,12.0,0.12,0.092,15.0,3.0,1.0,25.0,11.9,66.0,27.0,0.31
Denver,2012,4.0,2.0,72.0,25.0,0.11,0.086,39.0,10.0,2.0,,,103.0,31.0,
Detroit,2012,2.7,2.3,43.0,19.0,0.1,0.083,80.0,29.0,4.0,34.0,12.3,134.0,31.0,0.01
El Paso,2012,7.4,3.9,59.0,16.0,0.1,0.074,5.0,2.0,1.0,21.0,9.9,55.0,28.0,0.03
Fresno,2012,3.2,2.1,56.0,13.0,0.12,0.097,8.0,2.0,1.0,57.0,15.4,76.0,33.0,
Houston,2012,2.3,1.9,60.0,15.0,0.13,0.087,29.0,10.0,1.0,31.0,12.7,128.0,39.0,0.01
Indianapolis,2012,3.5,2.4,,10.0,0.1,0.084,92.0,25.0,4.0,27.0,12.4,71.0,30.0,0.04
Jacksonville,2012,3.8,1.6,37.0,8.0,0.08,0.061,54.0,19.0,2.0,,,55.0,19.0,
Kansas City,2012,2.6,1.9,53.0,14.0,0.1,0.086,167.0,69.0,6.0,21.0,9.7,82.0,31.0,0.01
Las Vegas,2012,3.6,3.1,59.0,14.0,0.1,0.079,9.0,5.0,1.0,21.0,8.6,139.0,29.0,
Los Angeles,2012,4.8,3.9,63.0,21.0,0.13,0.102,3.0,2.0,0.0,32.0,12.7,74.0,31.0,0.15
Louisville,2012,2.9,1.7,,,0.12,0.092,147.0,28.0,4.0,24.0,12.3,46.0,21.0,0.01
Memphis,2012,2.0,1.5,,9.0,0.11,0.086,9.0,5.0,3.0,25.0,10.0,37.0,21.0,0.01
Miami,2012,2.9,2.0,46.0,8.0,0.08,0.064,27.0,3.0,0.0,20.0,8.3,73.0,25.0,
Milwaukee,2012,,,45.0,12.0,0.11,0.093,21.0,6.0,1.0,30.0,10.9,47.0,23.0,
Minneapolis,2012,3.4,1.5,57.0,11.0,0.09,0.074,16.0,4.0,1.0,34.0,10.4,67.0,25.0,0.11
Nashville,2012,1.9,1.5,,,0.1,0.083,,,,,,34.0,20.0,
New York City,2012,3.2,2.5,67.0,22.0,0.12,0.085,32.0,12.0,3.0,26.0,11.7,73.0,30.0,0.06
Oklahoma City,2012,1.2,0.6,60.0,9.0,0.1,0.081,5.0,2.0,0.0,19.0,9.8,73.0,25.0,
Omaha,2012,2.6,2.3,,,0.09,0.077,73.0,25.0,2.0,29.0,11.7,181.0,52.0,0.2
Philadelphia,2012,2.3,1.5,56.0,18.0,0.11,0.092,29.0,9.0,2.0,29.0,11.2,66.0,29.0,0.05
Phoenix,2012,4.5,2.5,65.0,26.0,0.1,0.083,9.0,4.0,2.0,29.0,15.6,504.0,101.0,
Portland,2012,3.1,2.1,36.0,9.0,0.09,0.065,5.0,2.0,1.0,23.0,7.3,29.0,15.0,0.05
Sacramento,2012,2.6,2.1,51.0,12.0,0.12,0.097,,,,35.0,9.2,58.0,24.0,
San Antonio,2012,,,34.0,4.0,0.1,0.087,,,,23.0,8.7,50.0,21.0,
San Diego,2012,4.0,2.1,72.0,20.0,0.1,0.08,1.0,1.0,0.0,24.0,11.1,48.0,24.0,0.01
San Francisco,2012,3.2,2.4,66.0,15.0,0.1,0.072,15.0,6.0,2.0,22.0,9.5,46.0,16.0,
San Jose,2012,2.4,1.9,52.0,13.0,0.09,0.072,13.0,3.0,1.0,32.0,9.0,56.0,19.0,
San Juan,2012,13.7,4.4,,20.0,0.09,0.045,,,2.0,18.0,7.7,97.0,27.0,0.0
Seattle,2012,,0.7,,,0.1,0.071,19.0,5.0,1.0,28.0,9.7,27.0,11.0,0.06
Tucson,2012,2.3,1.2,47.0,13.0,0.08,0.071,4.0,1.0,0.0,13.0,5.9,228.0,42.0,
Tulsa,2012,1.8,1.2,42.0,9.0,0.11,0.085,55.0,25.0,4.0,20.0,9.7,,,0.01
Virginia Beach,2012,1.5,1.0,41.0,8.0,0.1,0.074,56.0,9.0,1.0,23.0,8.3,32.0,13.0,
District of Columbia,2012,2.9,2.5,51.0,17.0,0.11,0.09,12.0,5.0,2.0,28.0,11.6,37.0,17.0,0.0
Wichita,2012,7.0,5.3,85.0,10.0,0.11,0.081,,,,19.0,9.3,94.0,26.0,
National Means,2012,3.3571428571428577,2.074418604651163,54.294117647058826,14.157894736842104,0.1037777777777778,0.0812666666666666,37.43243243243244,11.54054054054054,1.8157894736842104,25.82926829268293,10.490243902439024,86.46511627906976,27.44186046511628,0.0515384615384615
National First Quartile,2012,2.3,1.5,47.5,10.0,0.1,0.07425,9.0,3.0,1.0,21.25,9.225,44.0,19.75,0.01
National Median,2012,2.9,1.9,53.0,13.5,0.1,0.083,19.0,5.0,1.4078947368421053,25.0,10.0,66.0,25.0,0.02
National Third Quartile,2012,3.5,2.3,60.0,17.0,0.11,0.087,42.75,11.655405405405403,2.0,29.0,11.925,92.11627906976744,30.0,0.0515384615384615
Albuquerque,2013,2.4,1.1,45.0,12.0,0.08,0.072,4.0,2.0,1.0,19.0,8.7,155.0,29.0,0.01
Atlanta,2013,1.7,1.2,43.0,9.0,0.1,0.071,9.0,2.0,1.0,20.0,10.4,34.0,18.0,0.01
Austin,2013,0.6,0.4,,5.0,0.08,0.07,5.0,2.0,1.0,24.0,7.2,51.0,14.0,
Baltimore,2013,2.2,1.4,47.0,15.0,0.1,0.072,21.0,4.0,1.0,30.0,11.3,27.0,14.0,
Boston,2013,1.8,1.2,50.0,18.0,0.09,0.073,31.0,7.0,2.0,20.0,9.0,50.0,19.0,0.0
Charlotte,2013,1.9,1.6,39.0,8.0,0.08,0.067,8.0,2.0,0.0,19.0,9.2,45.0,19.0,0.0
Chicago,2013,2.7,1.4,64.0,21.0,0.09,0.075,73.0,17.0,4.0,27.0,12.2,121.0,30.0,0.1
Cleveland,2013,7.8,4.6,53.0,13.0,0.08,0.07,119.0,31.0,4.0,26.0,12.2,95.0,41.0,0.06
Colorado Springs,2013,3.3,1.8,,,0.09,0.074,58.0,14.0,3.0,18.0,6.0,,,
Columbus,2013,1.6,1.0,,,0.08,0.073,13.0,5.0,1.0,24.0,10.7,41.0,22.0,0.01
Dallas,2013,2.0,1.5,49.0,12.0,0.1,0.085,16.0,3.0,1.0,26.0,12.9,93.0,30.0,0.08
Denver,2013,5.7,2.5,68.0,24.0,0.11,0.085,38.0,11.0,2.0,29.0,8.7,97.0,34.0,0.02
Detroit,2013,4.8,1.6,48.0,18.0,0.1,0.072,72.0,24.0,3.0,25.0,11.0,81.0,26.0,0.04
El Paso,2013,6.6,2.6,56.0,14.0,0.1,0.073,9.0,3.0,0.0,36.0,10.9,,,0.01
Fresno,2013,3.3,2.2,61.0,14.0,0.12,0.095,5.0,2.0,1.0,66.0,17.1,107.0,45.0,0.01
Houston,2013,2.8,1.9,58.0,13.0,0.11,0.084,35.0,8.0,1.0,24.0,12.2,80.0,31.0,0.01
Indianapolis,2013,3.6,2.2,44.0,12.0,0.08,0.069,78.0,23.0,3.0,25.0,11.7,56.0,25.0,0.02
Jacksonville,2013,1.6,1.1,38.0,8.0,0.08,0.06,60.0,14.0,1.0,,,47.0,19.0,
Kansas City,2013,2.2,1.7,48.0,13.0,0.09,0.071,156.0,51.0,6.0,21.0,10.1,57.0,25.0,0.01
Las Vegas,2013,4.0,2.9,,14.0,0.1,0.082,7.0,4.0,2.0,26.0,10.8,169.0,29.0,0.01
Los Angeles,2013,5.6,3.4,71.0,23.0,0.13,0.094,12.0,4.0,1.0,30.0,12.6,82.0,33.0,0.1
Louisville,2013,1.9,1.4,,,0.09,0.068,30.0,9.0,3.0,24.0,12.5,36.0,17.0,0.0
Memphis,2013,2.4,1.9,39.0,8.0,0.08,0.069,,,,22.0,10.0,51.0,19.0,0.0
Miami,2013,1.8,1.4,44.0,8.0,0.08,0.068,3.0,1.0,0.0,11.0,4.9,61.0,18.0,
Milwaukee,2013,,,50.0,10.0,0.08,0.069,23.0,5.0,1.0,25.0,9.5,38.0,17.0,
Minneapolis,2013,3.3,2.5,43.0,9.0,0.08,0.067,15.0,15.0,1.0,23.0,10.2,70.0,27.0,0.11
Nashville,2013,1.6,1.2,,,0.08,0.068,,,,21.0,10.1,29.0,17.0,
New York City,2013,3.1,1.9,62.0,22.0,0.12,0.078,22.0,10.0,2.0,31.0,10.9,43.0,19.0,0.11
Oklahoma City,2013,1.0,0.8,46.0,9.0,0.09,0.073,3.0,2.0,0.0,21.0,9.1,62.0,20.0,
Omaha,2013,2.4,1.9,,,0.08,0.066,56.0,19.0,2.0,24.0,11.0,91.0,32.0,0.13
Philadelphia,2013,2.4,1.8,52.0,17.0,0.1,0.073,15.0,10.0,2.0,37.0,11.6,64.0,31.0,0.0
Phoenix,2013,4.2,2.7,63.0,25.0,0.1,0.079,9.0,4.0,1.0,42.0,15.7,510.0,96.0,0.04
Portland,2013,2.2,1.8,33.0,10.0,0.08,0.059,5.0,3.0,1.0,43.0,9.1,43.0,13.0,0.0
Sacramento,2013,2.8,2.4,50.0,10.0,0.11,0.082,3.0,2.0,1.0,49.0,12.6,59.0,23.0,0.0
San Antonio,2013,,,35.0,5.0,0.09,0.083,15.0,3.0,1.0,26.0,8.3,71.0,23.0,0.02
San Diego,2013,24.1,6.7,75.0,19.0,0.09,0.078,1.0,1.0,0.0,25.0,10.6,49.0,25.0,0.01
San Francisco,2013,3.6,2.6,60.0,17.0,0.1,0.069,17.0,5.0,1.0,32.0,12.8,42.0,17.0,
San Jose,2013,2.7,2.1,52.0,15.0,0.09,0.071,10.0,2.0,0.0,35.0,12.4,53.0,21.0,0.12
San Juan,2013,9.5,2.7,,,0.04,0.034,89.0,14.0,2.0,13.0,6.9,78.0,30.0,
Seattle,2013,1.5,1.3,,,0.08,0.059,,,,33.0,12.2,28.0,11.0,0.0
Tucson,2013,1.8,1.1,44.0,11.0,0.08,0.074,7.0,1.0,0.0,16.0,6.8,363.0,40.0,0.0
Tulsa,2013,1.6,1.0,38.0,8.0,0.1,0.072,48.0,19.0,2.0,21.0,9.3,67.0,19.0,0.01
Virginia Beach,2013,2.0,1.1,41.0,8.0,0.08,0.068,52.0,10.0,1.0,18.0,7.7,21.0,12.0,
District of Columbia,2013,4.9,3.1,64.0,13.0,0.09,0.072,10.0,4.0,1.0,26.0,11.6,40.0,17.0,0.0
Wichita,2013,1.9,1.3,40.0,9.0,0.08,0.071,6.0,5.0,1.0,23.0,9.5,84.0,23.0,
National Means,2013,3.5093023255813955,1.9534883720930225,50.36111111111112,13.13157894736842,0.0906666666666666,0.0723777777777777,30.19047619047619,8.976190476190476,1.4761904761904765,26.727272727272727,10.45909090909091,82.34883720930233,25.348837209302324,0.0318181818181818
National First Quartile,2013,1.875,1.275,43.0,9.0,0.08,0.069,7.5,2.5,1.0,21.0,9.1,43.0,18.0,0.0
National Median,2013,2.4,1.8,48.5,12.5,0.09,0.072,15.0,5.0,1.0,25.0,10.529545454545456,59.0,23.0,0.01
National Third Quartile,2013,3.577325581395349,2.35,57.0,15.0,0.1,0.07425,38.0,11.0,2.0,29.5,11.95,82.26162790697674,29.75,0.04
Albuquerque,2014,2.8,1.2,42.0,12.0,0.08,0.064,6.0,2.0,1.0,23.0,7.4,152.0,36.0,0.0
Atlanta,2014,2.1,1.7,53.0,11.0,0.1,0.079,6.0,3.0,1.0,28.0,12.1,61.0,18.0,
Austin,2014,0.5,0.3,31.0,5.0,0.08,0.063,5.0,2.0,0.0,22.0,10.0,78.0,26.0,
Baltimore,2014,1.8,1.3,52.0,18.0,0.09,0.07,26.0,7.0,1.0,23.0,11.1,29.0,14.0,
Boston,2014,1.7,1.1,53.0,17.0,0.08,0.07,32.0,7.0,1.0,19.0,10.1,66.0,16.0,0.0
Charlotte,2014,1.7,1.3,41.0,9.0,0.09,0.068,6.0,2.0,0.0,20.0,9.2,39.0,17.0,0.0
Chicago,2014,5.3,1.9,67.0,21.0,0.09,0.076,53.0,12.0,2.0,34.0,14.7,80.0,28.0,0.15
Cleveland,2014,7.1,3.7,48.0,12.0,0.08,0.075,80.0,22.0,4.0,27.0,12.5,93.0,38.0,0.03
Colorado Springs,2014,3.4,2.2,,,0.07,0.064,57.0,12.0,3.0,13.0,5.8,41.0,20.0,
Columbus,2014,1.8,1.3,51.0,12.0,0.08,0.07,17.0,6.0,0.0,24.0,10.9,46.0,23.0,
Dallas,2014,1.6,1.1,48.0,10.0,0.1,0.079,17.0,4.0,1.0,23.0,10.7,80.0,27.0,0.04
Denver,2014,3.2,2.4,77.0,25.0,0.1,0.077,18.0,6.0,1.0,30.0,9.9,97.0,31.0,0.0
Detroit,2014,2.0,1.5,52.0,16.0,0.09,0.073,72.0,23.0,3.0,28.0,12.0,150.0,28.0,0.03
El Paso,2014,4.2,2.4,60.0,14.0,0.09,0.07,9.0,3.0,1.0,26.0,9.8,91.0,36.0,0.01
Fresno,2014,2.8,2.0,57.0,12.0,0.12,0.097,5.0,2.0,0.0,71.0,16.4,118.0,41.0,0.01
Houston,2014,2.7,2.0,52.0,13.0,0.11,0.072,25.0,8.0,1.0,25.0,11.8,110.0,42.0,0.0
Indianapolis,2014,6.2,3.1,46.0,17.0,0.08,0.066,106.0,25.0,3.0,33.0,12.6,58.0,27.0,0.02
Jacksonville,2014,2.1,1.3,40.0,8.0,0.09,0.071,56.0,15.0,2.0,19.0,8.1,31.0,16.0,
Kansas City,2014,1.6,1.1,53.0,13.0,0.09,0.068,125.0,45.0,5.0,22.0,10.6,90.0,28.0,0.01
Las Vegas,2014,3.7,2.8,,14.0,0.09,0.081,7.0,4.0,1.0,26.0,10.4,105.0,29.0,0.01
Los Angeles,2014,5.4,3.8,69.0,27.0,0.13,0.097,9.0,2.0,0.0,,,95.0,44.0,0.07
Louisville,2014,2.1,1.1,,,0.09,0.07,149.0,27.0,4.0,28.0,12.6,59.0,20.0,0.01
Memphis,2014,1.4,0.9,42.0,8.0,0.09,0.067,,,,25.0,9.4,47.0,21.0,0.0
Miami,2014,5.0,2.0,50.0,9.0,0.08,0.063,5.0,2.0,0.0,19.0,6.3,26.0,15.0,
Milwaukee,2014,1.2,0.7,53.0,16.0,0.09,0.074,27.0,8.0,1.0,29.0,10.5,53.0,19.0,
Minneapolis,2014,2.7,1.6,50.0,16.0,0.08,0.064,12.0,5.0,1.0,28.0,9.9,76.0,25.0,0.12
Nashville,2014,,1.2,,10.0,0.08,0.071,13.0,10.0,1.0,22.0,10.5,37.0,18.0,
New York City,2014,3.1,2.5,70.0,22.0,0.11,0.074,15.0,10.0,2.0,31.0,10.5,47.0,17.0,0.02
Oklahoma City,2014,0.9,0.7,46.0,7.0,0.09,0.069,3.0,1.0,0.0,22.0,9.4,85.0,23.0,
Omaha,2014,2.1,1.5,,,0.08,0.063,54.0,16.0,2.0,23.0,9.1,137.0,28.0,0.1
Philadelphia,2014,1.9,1.4,51.0,18.0,0.1,0.074,14.0,6.0,1.0,32.0,12.7,60.0,23.0,0.02
Phoenix,2014,4.9,2.8,64.0,25.0,0.1,0.08,8.0,3.0,1.0,31.0,14.0,521.0,98.0,0.05
Portland,2014,2.0,1.3,35.0,8.0,0.08,0.062,3.0,2.0,1.0,23.0,7.0,30.0,11.0,0.0
Sacramento,2014,2.3,1.9,55.0,11.0,0.1,0.083,5.0,5.0,1.0,28.0,8.8,83.0,20.0,0.0
San Antonio,2014,,,46.0,11.0,0.09,0.072,18.0,3.0,1.0,20.0,8.9,71.0,25.0,
San Diego,2014,3.5,1.9,61.0,13.0,0.09,0.08,,,,25.0,10.2,53.0,30.0,
San Francisco,2014,3.0,2.5,58.0,17.0,0.09,0.076,16.0,5.0,1.0,26.0,10.8,37.0,16.0,
San Jose,2014,2.4,1.9,55.0,13.0,0.09,0.073,2.0,1.0,0.0,28.0,9.3,52.0,19.0,0.13
San Juan,2014,10.9,7.7,,,0.08,0.037,8.0,1.0,0.0,,,80.0,23.0,0.01
Seattle,2014,3.2,1.7,47.0,12.0,0.09,0.067,,,,30.0,7.9,23.0,10.0,0.0
Tucson,2014,1.8,1.1,43.0,11.0,0.08,0.069,6.0,1.0,0.0,19.0,5.9,143.0,39.0,0.0
Tulsa,2014,1.5,0.9,,7.0,0.09,0.066,14.0,7.0,1.0,23.0,9.5,75.0,20.0,0.0
Virginia Beach,2014,1.1,0.9,42.0,8.0,0.08,0.063,41.0,11.0,1.0,20.0,8.1,23.0,12.0,
District of Columbia,2014,2.5,2.0,47.0,11.0,0.09,0.071,16.0,6.0,1.0,23.0,9.9,43.0,17.0,0.0
Wichita,2014,,,40.0,8.0,0.08,0.069,7.0,6.0,1.0,31.0,9.8,109.0,25.0,
National Means,2014,2.933333333333334,1.8534883720930235,51.23684210526316,13.341463414634148,0.09,0.0712666666666666,27.928571428571427,8.285714285714286,1.238095238095238,26.093023255813957,10.165116279069768,81.77777777777777,25.75555555555556,0.028
National First Quartile,2014,1.8,1.1749999999999998,46.0,10.0,0.08,0.067,6.5,2.5,1.0,22.0,9.175,46.25,18.0,0.0
National Median,2014,2.35,1.6,51.0,12.0,0.09,0.07,14.5,6.0,1.0,25.0,10.0,71.0,23.0,0.01
National Third Quartile,2014,3.2,2.0,55.0,16.0,0.09,0.07425,27.928571428571427,10.0,1.0,28.0,10.875,91.5,28.0,0.03
Albuquerque,2015,2.4,1.4,43.0,11.0,0.08,0.068,5.0,2.0,1.0,21.0,6.7,106.0,32.0,0.0
Atlanta,2015,2.3,1.8,54.0,20.0,0.1,0.077,4.0,1.0,1.0,28.0,11.8,55.0,17.0,0.0
Austin,2015,,,51.0,15.0,0.09,0.073,4.0,1.0,0.0,,,53.0,23.0,
Baltimore,2015,2.8,1.8,51.0,18.0,0.1,0.078,18.0,5.0,1.0,30.0,10.1,33.0,15.0,
Boston,2015,1.6,0.9,56.0,17.0,0.09,0.067,23.0,7.0,1.0,19.0,8.8,37.0,14.0,0.0
Charlotte,2015,1.5,1.2,37.0,12.0,0.09,0.073,6.0,1.0,0.0,16.0,8.9,50.0,18.0,0.0
Chicago,2015,4.5,2.1,62.0,18.0,0.09,0.075,39.0,11.0,2.0,106.0,13.1,126.0,23.0,0.42
Cleveland,2015,5.8,2.9,50.0,13.0,0.08,0.074,89.0,31.0,3.0,27.0,13.3,86.0,42.0,0.03
Colorado Springs,2015,3.1,1.7,,,0.07,0.067,53.0,12.0,3.0,21.0,5.3,40.0,17.0,
Columbus,2015,2.1,1.5,48.0,12.0,0.08,0.071,6.0,2.0,0.0,24.0,10.9,,,0.01
Dallas,2015,1.7,1.5,46.0,10.0,0.11,0.088,8.0,3.0,0.0,19.0,9.3,43.0,17.0,0.01
Denver,2015,2.8,2.0,72.0,27.0,0.12,0.081,16.0,5.0,1.0,26.0,9.9,61.0,27.0,
Detroit,2015,2.4,1.7,50.0,18.0,0.09,0.075,76.0,21.0,2.0,32.0,11.7,139.0,29.0,0.05
El Paso,2015,4.3,2.8,59.0,14.0,0.1,0.072,10.0,3.0,1.0,21.0,8.6,63.0,25.0,0.01
Fresno,2015,2.3,1.7,43.0,11.0,0.12,0.093,7.0,2.0,1.0,57.0,16.0,103.0,39.0,0.01
Houston,2015,1.6,1.7,54.0,13.0,0.14,0.095,29.0,13.0,1.0,25.0,11.8,114.0,41.0,0.0
Indianapolis,2015,3.6,2.5,48.0,15.0,0.08,0.069,56.0,18.0,2.0,24.0,12.0,60.0,28.0,0.02
Jacksonville,2015,2.0,1.4,43.0,11.0,0.07,0.058,57.0,14.0,1.0,16.0,7.7,,,
Kansas City,2015,1.8,1.2,52.0,13.0,0.09,0.068,142.0,49.0,5.0,22.0,9.1,127.0,33.0,0.01
Las Vegas,2015,3.2,2.6,53.0,15.0,0.09,0.076,7.0,4.0,1.0,26.0,9.8,87.0,25.0,0.01
Los Angeles,2015,4.3,3.0,66.0,25.0,0.13,0.1,7.0,2.0,0.0,42.0,12.6,95.0,37.0,0.04
Louisville,2015,1.7,1.4,,16.0,0.1,0.076,54.0,13.0,3.0,31.0,11.2,51.0,21.0,0.01
Memphis,2015,4.4,2.0,41.0,11.0,0.09,0.066,,,,18.0,8.8,47.0,21.0,0.0
Miami,2015,3.0,1.1,39.0,9.0,0.08,0.063,2.0,1.0,0.0,16.0,6.9,66.0,11.0,
Milwaukee,2015,1.1,0.7,46.0,15.0,0.09,0.071,13.0,4.0,1.0,28.0,9.6,44.0,14.0,
Minneapolis,2015,2.3,1.7,48.0,14.0,0.08,0.064,12.0,6.0,1.0,21.0,8.4,173.0,35.0,0.13
Nashville,2015,1.7,1.4,55.0,15.0,0.08,0.067,7.0,3.0,0.0,20.0,9.8,45.0,20.0,
New York City,2015,2.7,1.9,68.0,22.0,0.1,0.079,15.0,7.0,2.0,29.0,11.4,44.0,20.0,0.03
Oklahoma City,2015,2.9,0.9,43.0,7.0,0.08,0.068,3.0,1.0,0.0,18.0,8.3,59.0,19.0,
Omaha,2015,2.2,1.7,,,0.08,0.064,57.0,17.0,1.0,22.0,9.2,111.0,31.0,0.07
Philadelphia,2015,2.1,1.6,63.0,18.0,0.1,0.082,16.0,8.0,2.0,30.0,11.9,48.0,24.0,0.02
Phoenix,2015,4.0,2.6,61.0,22.0,0.1,0.077,9.0,5.0,1.0,28.0,10.2,985.0,65.0,0.01
Portland,2015,2.4,1.9,36.0,14.0,0.09,0.069,4.0,2.0,0.0,34.0,8.0,45.0,16.0,0.0
Sacramento,2015,2.1,1.9,46.0,11.0,0.1,0.085,8.0,7.0,2.0,38.0,10.4,75.0,22.0,
San Antonio,2015,,,48.0,10.0,0.1,0.08,13.0,3.0,1.0,21.0,8.6,48.0,22.0,
San Diego,2015,3.1,1.9,53.0,14.0,0.1,0.079,,,,20.0,9.3,99.0,35.0,0.02
San Francisco,2015,3.8,2.0,53.0,18.0,0.1,0.074,12.0,4.0,2.0,31.0,10.2,38.0,18.0,
San Jose,2015,2.6,1.8,47.0,18.0,0.09,0.072,2.0,1.0,0.0,32.0,10.6,52.0,21.0,0.1
San Juan,2015,5.1,2.5,,,0.07,0.038,6.0,4.0,2.0,16.0,6.8,134.0,27.0,
Seattle,2015,2.2,1.4,65.0,24.0,0.09,0.074,,,,45.0,9.8,34.0,11.0,0.0
Tucson,2015,2.0,1.4,40.0,9.0,0.08,0.066,5.0,1.0,0.0,11.0,5.1,65.0,26.0,0.0
Tulsa,2015,1.5,1.1,42.0,8.0,0.09,0.066,11.0,5.0,1.0,18.0,8.7,72.0,19.0,0.0
Virginia Beach,2015,1.4,0.9,41.0,8.0,0.08,0.065,30.0,8.0,1.0,18.0,7.8,26.0,13.0,
District of Columbia,2015,5.1,2.0,53.0,13.0,0.1,0.073,13.0,5.0,1.0,28.0,11.2,42.0,17.0,0.0
Wichita,2015,,,37.0,7.0,0.08,0.065,5.0,4.0,1.0,25.0,8.4,68.0,24.0,
National Means,2015,2.749999999999999,1.742857142857143,50.31707317073171,14.547619047619047,0.0924444444444444,0.0729111111111111,22.83333333333333,7.523809523809524,1.1666666666666667,27.272727272727277,9.727272727272728,91.83720930232558,24.511627906976745,0.0336666666666666
National First Quartile,2015,2.0,1.4,43.0,11.0,0.08,0.067,6.0,2.0,0.5,20.0,8.6,45.0,17.75,0.0
National Median,2015,2.4,1.7,50.0,14.0,0.09,0.0729111111111111,11.5,4.5,1.0,24.5,9.663636363636364,60.0,22.0,0.01
National Third Quartile,2015,3.1,2.0,54.0,18.0,0.1,0.077,23.0,8.0,2.0,29.5,11.05,94.2093023255814,27.75,0.03
Albuquerque,2016,2.2,1.9,44.0,10.0,0.08,0.067,6.0,2.0,1.0,19.0,7.6,205.0,35.0,0.0
Atlanta,2016,2.7,2.2,54.0,20.0,0.1,0.078,6.0,3.0,1.0,24.0,10.8,43.0,17.0,
Austin,2016,,0.6,47.0,14.0,0.08,0.064,4.0,1.0,0.0,,,72.0,23.0,
Baltimore,2016,2.0,1.5,55.0,17.0,0.1,0.079,13.0,3.0,1.0,22.0,9.7,32.0,16.0,
Boston,2016,2.4,1.2,49.0,15.0,0.09,0.07,13.0,5.0,1.0,17.0,7.7,30.0,14.0,0.0
Charlotte,2016,1.4,1.0,40.0,11.0,0.09,0.074,4.0,1.0,0.0,21.0,9.1,44.0,18.0,
Chicago,2016,2.3,1.1,61.0,17.0,0.1,0.08,31.0,11.0,2.0,21.0,9.9,131.0,27.0,0.05
Cleveland,2016,5.8,3.9,50.0,11.0,0.09,0.077,370.0,145.0,2.0,22.0,10.7,86.0,37.0,0.03
Colorado Springs,2016,2.6,1.3,,,0.08,0.069,45.0,14.0,3.0,,,35.0,19.0,
Columbus,2016,2.5,1.8,42.0,12.0,0.09,0.072,4.0,2.0,0.0,18.0,8.7,52.0,20.0,0.01
Dallas,2016,1.6,1.1,45.0,12.0,0.09,0.076,8.0,2.0,0.0,19.0,8.5,45.0,16.0,0.01
Denver,2016,3.2,2.1,77.0,29.0,0.1,0.083,20.0,6.0,1.0,26.0,9.5,89.0,35.0,
Detroit,2016,2.5,1.5,50.0,16.0,0.09,0.075,59.0,17.0,3.0,26.0,11.3,181.0,28.0,0.07
El Paso,2016,4.1,2.4,60.0,15.0,0.11,0.071,8.0,2.0,1.0,25.0,9.6,58.0,27.0,0.01
Fresno,2016,2.0,1.7,48.0,21.0,0.12,0.093,6.0,2.0,0.0,48.0,13.6,90.0,38.0,0.01
Houston,2016,2.2,1.6,54.0,14.0,0.11,0.079,23.0,4.0,1.0,23.0,9.7,81.0,30.0,0.0
Indianapolis,2016,5.7,2.5,,13.0,0.08,0.073,23.0,8.0,2.0,23.0,10.4,85.0,27.0,0.01
Jacksonville,2016,2.7,1.9,,,0.08,0.064,18.0,4.0,0.0,17.0,7.9,,,
Kansas City,2016,1.5,1.0,46.0,13.0,0.09,0.069,10.0,4.0,2.0,20.0,9.0,84.0,27.0,
Las Vegas,2016,2.9,2.2,58.0,25.0,0.1,0.079,6.0,3.0,1.0,23.0,10.7,143.0,28.0,
Los Angeles,2016,4.3,3.6,77.0,24.0,0.14,0.1,12.0,4.0,1.0,39.0,14.7,127.0,34.0,0.03
Louisville,2016,1.6,1.3,49.0,15.0,0.1,0.076,26.0,5.0,2.0,20.0,9.3,39.0,17.0,0.01
Memphis,2016,1.4,1.2,38.0,10.0,0.09,0.071,,,,17.0,8.4,,,
Miami,2016,2.4,1.5,43.0,8.0,0.08,0.062,1.0,0.0,0.0,16.0,8.1,197.0,32.0,
Milwaukee,2016,1.0,0.8,49.0,14.0,0.1,0.079,6.0,4.0,1.0,22.0,8.3,48.0,17.0,
Minneapolis,2016,2.3,1.7,43.0,13.0,0.07,0.061,13.0,5.0,1.0,22.0,7.8,127.0,38.0,0.11
Nashville,2016,1.7,1.5,54.0,16.0,0.09,0.068,2.0,1.0,0.0,18.0,9.3,34.0,18.0,
New York City,2016,5.2,2.5,60.0,20.0,0.1,0.078,7.0,4.0,1.0,21.0,10.1,45.0,17.0,0.03
Oklahoma City,2016,1.7,1.1,47.0,17.0,0.09,0.068,3.0,3.0,0.0,17.0,7.6,68.0,22.0,
Omaha,2016,1.8,1.5,,,0.08,0.063,65.0,19.0,1.0,18.0,8.0,134.0,29.0,0.07
Philadelphia,2016,3.5,1.9,58.0,16.0,0.1,0.08,19.0,8.0,2.0,24.0,11.0,113.0,39.0,0.04
Phoenix,2016,3.9,2.4,63.0,31.0,0.09,0.075,7.0,3.0,1.0,146.0,14.0,357.0,83.0,0.05
Portland,2016,1.7,1.3,35.0,13.0,0.08,0.064,3.0,1.0,0.0,18.0,5.9,32.0,10.0,0.0
Sacramento,2016,2.3,1.7,43.0,13.0,0.11,0.093,9.0,9.0,3.0,28.0,8.7,53.0,19.0,0.0
San Antonio,2016,,0.7,42.0,8.0,0.09,0.071,7.0,3.0,1.0,16.0,7.9,47.0,20.0,
San Diego,2016,1.6,1.5,53.0,17.0,0.1,0.084,,,,18.0,8.7,66.0,31.0,0.01
San Francisco,2016,2.5,2.0,51.0,17.0,0.11,0.082,13.0,5.0,2.0,19.0,8.7,29.0,16.0,0.03
San Jose,2016,2.4,1.6,46.0,16.0,0.09,0.072,2.0,1.0,0.0,19.0,9.1,43.0,17.0,0.08
San Juan,2016,19.2,6.2,24.0,8.0,0.19,0.064,,,,21.0,8.2,67.0,21.0,
Seattle,2016,1.9,1.4,49.0,21.0,0.08,0.061,,,,59.0,7.9,,,0.0
Tucson,2016,1.8,1.2,34.0,8.0,0.08,0.069,1.0,0.0,0.0,18.0,5.7,165.0,45.0,
Tulsa,2016,2.3,1.6,36.0,7.0,0.08,0.064,17.0,6.0,1.0,22.0,9.5,72.0,19.0,
Virginia Beach,2016,1.2,0.7,39.0,7.0,0.08,0.068,9.0,3.0,0.0,15.0,6.7,23.0,13.0,
District of Columbia,2016,3.7,2.3,59.0,18.0,0.09,0.076,8.0,4.0,1.0,21.0,8.6,41.0,17.0,0.01
Wichita,2016,,,36.0,7.0,0.08,0.064,3.0,1.0,1.0,20.0,7.4,88.0,25.0,
National Means,2016,2.945238095238096,1.7659090909090909,48.97560975609756,14.976190476190476,0.0946666666666666,0.0734444444444444,22.195121951219512,8.0,1.0,25.302325581395348,9.162790697674415,85.73809523809524,25.73809523809524,0.0268
National First Quartile,2016,1.75,1.2,43.0,11.5,0.08,0.068,6.0,2.0,0.0,18.0,7.975,43.5,17.0,0.01
National Median,2016,2.3,1.55,48.97560975609756,14.488095238095235,0.09,0.072,8.0,4.0,1.0,21.0,8.7,67.5,22.5,0.01
National Third Quartile,2016,2.9,1.95,54.0,17.0,0.1,0.07825,18.25,5.25,1.0,23.0,9.7,90.0,30.0,0.0325
Albuquerque,2017,2.2,1.0,45.0,10.0,0.08,0.071,4.0,1.0,0.0,19.0,7.5,126.0,35.0,0.0
Atlanta,2017,2.3,1.8,46.0,18.0,0.09,0.074,7.0,3.0,1.0,22.0,10.4,41.0,17.0,
Austin,2017,2.2,1.3,47.0,13.0,0.08,0.07,4.0,1.0,0.0,,,39.0,22.0,
Baltimore,2017,1.4,1.1,49.0,16.0,0.1,0.077,,,,23.0,8.3,28.0,14.0,
Boston,2017,1.6,0.9,46.0,14.0,0.1,0.075,11.0,4.0,1.0,17.0,8.8,31.0,11.0,
Charlotte,2017,1.5,1.3,40.0,11.0,0.08,0.068,5.0,1.0,0.0,18.0,8.7,,,
Chicago,2017,3.5,1.4,55.0,16.0,0.1,0.079,36.0,11.0,2.0,24.0,10.3,82.0,22.0,0.02
Cleveland,2017,5.4,3.3,46.0,11.0,0.09,0.073,41.0,14.0,1.0,27.0,11.2,67.0,30.0,0.03
Colorado Springs,2017,2.3,1.3,,,0.08,0.07,22.0,7.0,1.0,17.0,6.0,49.0,18.0,
Columbus,2017,1.9,1.6,40.0,11.0,0.08,0.07,3.0,1.0,0.0,22.0,8.8,52.0,22.0,0.01
Dallas,2017,1.7,1.0,45.0,12.0,0.1,0.077,7.0,2.0,0.0,20.0,9.0,32.0,16.0,0.01
Denver,2017,3.8,1.7,70.0,27.0,0.1,0.076,16.0,3.0,1.0,24.0,9.7,116.0,35.0,
Detroit,2017,8.2,1.8,47.0,16.0,0.09,0.076,70.0,29.0,3.0,30.0,11.2,133.0,26.0,0.08
El Paso,2017,3.8,2.6,58.0,10.0,0.1,0.075,5.0,2.0,1.0,28.0,9.3,104.0,32.0,0.02
Fresno,2017,2.3,1.7,59.0,21.0,0.12,0.095,5.0,2.0,1.0,73.0,15.0,164.0,43.0,
Houston,2017,2.1,1.9,52.0,14.0,0.11,0.079,19.0,8.0,0.0,24.0,10.4,80.0,27.0,
Indianapolis,2017,3.8,2.9,39.0,13.0,0.08,0.069,47.0,20.0,1.0,24.0,10.5,54.0,24.0,0.02
Jacksonville,2017,2.6,1.4,35.0,11.0,0.08,0.062,32.0,13.0,1.0,,,,,
Kansas City,2017,1.9,1.4,47.0,12.0,0.09,0.07,18.0,7.0,1.0,22.0,9.9,117.0,29.0,
Las Vegas,2017,3.2,2.8,61.0,27.0,0.09,0.076,6.0,4.0,1.0,28.0,9.1,119.0,29.0,
Los Angeles,2017,5.6,3.5,83.0,25.0,0.15,0.111,14.0,3.0,1.0,53.0,14.9,111.0,33.0,0.01
Louisville,2017,1.7,1.3,47.0,15.0,0.08,0.074,14.0,4.0,1.0,21.0,9.8,30.0,15.0,
Memphis,2017,1.1,0.7,37.0,10.0,0.08,0.068,7.0,2.0,0.0,16.0,8.5,,,
Miami,2017,2.5,1.6,44.0,15.0,0.09,0.067,1.0,0.0,0.0,24.0,9.8,53.0,23.0,
Milwaukee,2017,0.7,0.5,44.0,14.0,0.09,0.073,5.0,1.0,0.0,24.0,8.6,57.0,14.0,
Minneapolis,2017,4.5,4.4,44.0,13.0,0.08,0.063,18.0,6.0,1.0,20.0,8.7,150.0,41.0,0.11
Nashville,2017,1.9,1.5,51.0,14.0,0.09,0.064,5.0,7.0,0.0,19.0,9.7,34.0,15.0,
New York City,2017,2.3,1.6,67.0,20.0,0.11,0.079,7.0,4.0,1.0,23.0,10.3,32.0,16.0,0.01
Oklahoma City,2017,1.8,1.3,43.0,16.0,0.09,0.071,2.0,1.0,0.0,16.0,7.8,37.0,19.0,
Omaha,2017,2.0,1.5,,,0.08,0.064,55.0,20.0,1.0,21.0,9.7,113.0,28.0,0.05
Philadelphia,2017,4.1,2.6,46.0,12.0,0.1,0.079,10.0,4.0,1.0,24.0,11.4,46.0,22.0,0.01
Phoenix,2017,4.6,2.9,67.0,31.0,0.1,0.079,10.0,4.0,1.0,36.0,15.6,416.0,87.0,0.05
Portland,2017,1.6,1.1,40.0,12.0,0.1,0.083,3.0,2.0,0.0,36.0,8.2,62.0,15.0,
Sacramento,2017,1.8,1.6,50.0,10.0,0.11,0.082,,,,41.0,10.8,87.0,23.0,
San Antonio,2017,1.7,1.1,40.0,8.0,0.09,0.073,29.0,4.0,2.0,25.0,8.9,73.0,21.0,
San Diego,2017,1.9,1.4,52.0,16.0,0.11,0.09,1.0,0.0,0.0,19.0,9.6,67.0,27.0,0.02
San Francisco,2017,3.1,2.1,59.0,17.0,0.13,0.079,16.0,5.0,2.0,43.0,12.8,59.0,21.0,
San Jose,2017,2.5,1.8,52.0,17.0,0.11,0.075,,1.0,,41.0,10.8,74.0,21.0,0.07
San Juan,2017,12.7,2.5,,,,,,,,,,,,
Seattle,2017,2.6,1.7,44.0,20.0,0.12,0.094,,,,44.0,9.7,,,
Tucson,2017,1.8,1.2,37.0,8.0,0.08,0.073,2.0,1.0,0.0,17.0,6.7,156.0,49.0,
Tulsa,2017,1.4,1.0,37.0,7.0,0.08,0.065,14.0,6.0,1.0,25.0,10.2,32.0,17.0,0.01
Virginia Beach,2017,1.7,0.9,40.0,7.0,0.08,0.064,3.0,2.0,0.0,13.0,6.9,20.0,12.0,
District of Columbia,2017,2.7,2.3,58.0,15.0,0.09,0.072,4.0,3.0,1.0,21.0,10.2,44.0,16.0,0.0
Wichita,2017,,,,7.0,0.08,0.065,5.0,5.0,1.0,18.0,7.7,129.0,35.0,
National Means,2017,2.8636363636363638,1.7340909090909091,49.0,14.571428571428571,0.0945454545454545,0.07475,14.575,5.317073170731708,0.75,26.23809523809524,9.795238095238094,82.9,25.55,0.0294444444444444
National First Quartile,2017,1.8,1.3,43.25,11.0,0.08,0.07,5.0,2.0,0.0,19.5,8.7,41.0,17.0,0.01
National Median,2017,2.25,1.55,46.0,14.0,0.09,0.0735,7.0,4.0,1.0,23.5,9.7,64.5,22.0,0.02
National Third Quartile,2017,3.1500000000000004,1.85,52.0,16.0,0.1,0.078,17.0,6.0,1.0,27.0,10.4,112.0,29.0,0.03
Albuquerque,2018,1.8,1.0,45.0,10.0,0.08,0.075,5.0,2.0,1.0,21.0,8.4,229.0,42.0,
Atlanta,2018,2.2,1.6,47.0,16.0,0.09,0.072,4.0,2.0,1.0,21.0,10.0,38.0,17.0,
Austin,2018,2.3,1.3,46.0,12.0,0.08,0.072,2.0,1.0,0.0,23.0,10.2,82.0,23.0,
Baltimore,2018,1.8,1.3,48.0,16.0,0.1,0.075,12.0,4.0,1.0,21.0,9.6,33.0,14.0,
Boston,2018,1.1,0.7,48.0,13.0,0.09,0.071,14.0,5.0,1.0,21.0,10.1,31.0,9.0,
Charlotte,2018,1.8,1.3,35.0,10.0,0.08,0.07,3.0,1.0,0.0,16.0,8.4,58.0,15.0,
Chicago,2018,3.4,1.6,61.0,18.0,0.1,0.084,28.0,8.0,2.0,27.0,11.2,76.0,23.0,0.01
Cleveland,2018,4.7,3.1,49.0,11.0,0.09,0.076,53.0,11.0,1.0,28.0,11.1,74.0,30.0,0.06
Colorado Springs,2018,2.4,1.5,,,0.08,0.073,9.0,3.0,1.0,16.0,6.2,36.0,19.0,
Columbus,2018,1.7,1.2,44.0,10.0,0.08,0.067,,,0.0,24.0,9.1,,,0.01
Dallas,2018,1.8,1.2,43.0,11.0,0.1,0.082,8.0,4.0,0.0,28.0,9.7,,,0.01
Denver,2018,4.0,2.9,70.0,27.0,0.1,0.083,8.0,4.0,1.0,37.0,10.2,146.0,36.0,
Detroit,2018,3.1,2.4,43.0,16.0,0.09,0.077,82.0,26.0,2.0,29.0,11.9,123.0,29.0,0.08
El Paso,2018,4.9,2.3,61.0,11.0,0.1,0.078,,,,25.0,8.5,114.0,34.0,0.01
Fresno,2018,2.1,1.8,63.0,21.0,0.11,0.088,6.0,2.0,1.0,66.0,17.1,120.0,45.0,
Houston,2018,2.6,1.5,52.0,12.0,0.13,0.088,24.0,4.0,0.0,33.0,11.0,102.0,32.0,
Indianapolis,2018,3.3,2.2,,14.0,0.09,0.076,55.0,13.0,1.0,27.0,10.9,55.0,26.0,
Jacksonville,2018,1.7,1.2,41.0,11.0,0.08,0.061,40.0,8.0,2.0,17.0,8.7,46.0,18.0,
Kansas City,2018,1.9,1.1,48.0,12.0,0.1,0.074,6.0,3.0,1.0,18.0,9.6,60.0,25.0,
Las Vegas,2018,3.9,2.8,59.0,27.0,0.09,0.077,,,,27.0,10.0,115.0,32.0,
Los Angeles,2018,4.4,3.1,79.0,22.0,0.13,0.102,9.0,2.0,1.0,42.0,13.4,90.0,33.0,0.06
Louisville,2018,1.5,1.0,46.0,15.0,0.1,0.077,16.0,4.0,1.0,26.0,10.3,40.0,17.0,
Memphis,2018,1.5,0.9,38.0,10.0,0.09,0.073,3.0,1.0,0.0,24.0,9.1,64.0,15.0,
Miami,2018,1.7,1.1,46.0,15.0,0.08,0.066,1.0,0.0,0.0,17.0,8.2,47.0,16.0,
Milwaukee,2018,1.0,0.8,47.0,14.0,0.1,0.073,4.0,1.0,0.0,25.0,9.4,40.0,16.0,
Minneapolis,2018,17.9,3.9,45.0,13.0,0.09,0.069,17.0,6.0,1.0,28.0,8.9,144.0,35.0,0.08
Nashville,2018,1.8,1.6,47.0,14.0,0.09,0.071,,,,18.0,9.2,41.0,15.0,
New York City,2018,4.8,2.7,68.0,19.0,0.11,0.079,8.0,4.0,1.0,27.0,11.1,38.0,16.0,0.0
Oklahoma City,2018,1.8,1.6,41.0,13.0,0.1,0.076,3.0,0.0,0.0,24.0,10.1,92.0,22.0,
Omaha,2018,1.7,1.3,,,0.08,0.069,37.0,11.0,1.0,23.0,9.1,62.0,23.0,0.08
Philadelphia,2018,1.7,1.3,45.0,11.0,0.1,0.084,14.0,5.0,1.0,23.0,10.4,,,
Phoenix,2018,4.8,2.9,62.0,28.0,0.11,0.08,8.0,4.0,1.0,42.0,12.6,829.0,79.0,0.05
Portland,2018,1.9,1.6,38.0,12.0,0.09,0.07,3.0,1.0,0.0,32.0,8.1,27.0,12.0,
Sacramento,2018,4.1,3.6,58.0,12.0,0.13,0.098,2.0,1.0,0.0,173.0,14.4,252.0,29.0,0.01
San Antonio,2018,1.6,1.1,40.0,7.0,0.09,0.073,,,,18.0,7.7,53.0,20.0,
San Diego,2018,1.8,1.3,48.0,15.0,0.1,0.08,1.0,0.0,0.0,29.0,13.0,54.0,26.0,0.02
San Francisco,2018,3.6,3.0,59.0,17.0,0.1,0.069,20.0,4.0,1.0,82.0,14.4,102.0,21.0,
San Jose,2018,2.7,2.2,59.0,17.0,0.09,0.066,3.0,1.0,0.0,73.0,12.9,111.0,22.0,0.08
San Juan,2018,14.3,9.0,,,,,,,,,,,,
Seattle,2018,1.4,1.2,64.0,20.0,0.1,0.077,8.0,3.0,1.0,42.0,9.3,,,
Tucson,2018,1.6,0.9,41.0,8.0,0.08,0.071,2.0,1.0,0.0,12.0,5.9,206.0,43.0,
Tulsa,2018,1.4,1.0,39.0,7.0,0.1,0.073,8.0,4.0,1.0,27.0,11.6,59.0,19.0,0.01
Virginia Beach,2018,1.4,1.0,38.0,7.0,0.07,0.063,21.0,6.0,1.0,14.0,6.6,21.0,11.0,
District of Columbia,2018,2.1,1.9,49.0,15.0,0.11,0.073,5.0,3.0,1.0,23.0,9.5,40.0,16.0,
Wichita,2018,,,40.0,8.0,0.08,0.067,4.0,2.0,1.0,20.0,8.2,86.0,31.0,
National Means,2018,3.068181818181817,1.9090909090909092,49.75609756097561,14.214285714285714,0.0949999999999999,0.0754090909090909,14.256410256410255,4.230769230769231,0.725,31.568181818181817,10.120454545454546,100.9,25.15,0.038
National First Quartile,2018,1.7,1.2,43.0,11.0,0.09,0.071,3.75,1.0,0.0,21.0,8.9,41.0,16.0,0.01
National Median,2018,1.9,1.5,47.0,13.0,0.09,0.0735,8.0,3.0,1.0,25.0,9.85,63.0,22.5,0.02
National Third Quartile,2018,3.35,2.25,58.25,16.0,0.1,0.0775,15.564102564102564,4.173076923076923,1.0,29.0,11.05,106.5,30.5,0.06
