Location,index,Correlation Coefficient,p-value,Significant?
Albuquerque,CO 2nd Max 1-hr,0.055738423657547664,0.40772526816805493,False
Albuquerque,CO 2nd Max 8-hr,0.1811076810510295,0.2223921790495934,False
Albuquerque,NO2 98th Percentile 1-hr,-0.26137788518743055,0.13282368676297465,False
Albuquerque,NO2 Mean 1-hr,0.19411340148234096,0.20609420177562332,False
Albuquerque,Ozone 2nd Max 1-hr,0.13849133856819365,0.28018567434274816,False
Albuquerque,Ozone 4th Max 8-hr,0.1394237332753865,0.27885407376125954,False
Albuquerque,SO2 99th Percentile 1-hr,0.6438227799796504,0.0010947466624984094,True
Albuquerque,SO2 2nd Max 24-hr,0.2037157906628947,0.19448983059823804,False
Albuquerque,SO2 Mean 1-hr,0.31118101032349776,0.09085968829764407,False
Albuquerque,PM2.5 98th Percentile 24-hr,0.3407496681072077,0.07075708442124969,False
Albuquerque,PM2.5 Weighted Mean 24-hr,0.4150574016409953,0.034396562736460586,False
Albuquerque,PM10 2nd Max 24-hr,0.2648841533876518,0.12952704136169066,False
Albuquerque,PM10 Mean 24-hr,0.031392099560347025,0.44773662116765345,False
Atlanta,CO 2nd Max 1-hr,-0.08266059494968261,0.364498394277593,False
Atlanta,CO 2nd Max 8-hr,-0.15650792878818454,0.25496823258008194,False
Atlanta,NO2 98th Percentile 1-hr,-0.11728401943031729,0.3112032573380329,False
Atlanta,NO2 Mean 1-hr,-0.009773047700953453,0.4836906386954931,False
Atlanta,Ozone 2nd Max 1-hr,0.037549001620143074,0.4375568449240108,False
Atlanta,Ozone 4th Max 8-hr,0.06001795222956194,0.4007710201859948,False
Atlanta,SO2 99th Percentile 1-hr,0.009838708231274893,0.4835811201081638,False
Atlanta,SO2 2nd Max 24-hr,-0.1321523436525803,0.2893124430587134,False
Atlanta,SO2 Mean 1-hr,0.08473962163604577,0.36121781538573905,False
Atlanta,PM2.5 98th Percentile 24-hr,0.002149798037828819,0.4964115256046966,False
Atlanta,PM2.5 Weighted Mean 24-hr,-0.03557066627921292,0.4408239968714105,False
Atlanta,PM10 2nd Max 24-hr,-0.04550680594098972,0.4244561014031595,False
Atlanta,PM10 Mean 24-hr,0.024985759180809173,0.4583622322735198,False
Austin,CO 2nd Max 1-hr,-0.21804995930324667,0.17786270401992338,False
Austin,CO 2nd Max 8-hr,-0.2763886309380723,0.11907714745216848,False
Austin,NO2 98th Percentile 1-hr,-0.7283234397939282,0.00013564832575824502,True
Austin,NO2 Mean 1-hr,-0.8137336215984038,6.377171719491362e-06,True
Austin,Ozone 2nd Max 1-hr,0.4586706401450869,0.020971094658282518,True
Austin,Ozone 4th Max 8-hr,0.47069896247411713,0.018102262675830278,True
Austin,SO2 99th Percentile 1-hr,0.8001322641986388,1.1402297776547119e-05,True
Austin,SO2 2nd Max 24-hr,0.9258200997725515,2.4619655191888644e-09,True
Austin,SO2 Mean 1-hr,0.39036002917941354,0.04441402655983577,False
Austin,PM2.5 98th Percentile 24-hr,-0.19395800579042863,0.20628502070046395,False
Austin,PM2.5 Weighted Mean 24-hr,0.0037898779944236915,0.4936740444336913,False
Austin,PM10 2nd Max 24-hr,-0.5227332740621475,0.009021182310313373,True
Austin,PM10 Mean 24-hr,-0.24473913829895477,0.14918047430175596,False
Baltimore,CO 2nd Max 1-hr,0.40111908327424517,0.039815871541473646,False
Baltimore,CO 2nd Max 8-hr,0.47464777716083356,0.017230313850737877,True
Baltimore,NO2 98th Percentile 1-hr,0.323668778597941,0.08194632916656786,False
Baltimore,NO2 Mean 1-hr,0.36515168811614584,0.0567000607558423,False
Baltimore,Ozone 2nd Max 1-hr,0.39156590386570617,0.04388008388971664,False
Baltimore,Ozone 4th Max 8-hr,0.22923462506765901,0.16547869350292538,False
Baltimore,SO2 99th Percentile 1-hr,0.6061032621422048,0.0023075259804579713,True
Baltimore,SO2 2nd Max 24-hr,0.5559417651250889,0.005459707704668589,True
Baltimore,SO2 Mean 1-hr,0.5042805608624186,0.011685606697778428,True
Baltimore,PM2.5 98th Percentile 24-hr,0.43522699722437297,0.027559589699758958,False
Baltimore,PM2.5 Weighted Mean 24-hr,0.46409298922493414,0.019637288142003335,True
Baltimore,PM10 2nd Max 24-hr,0.2898231846209577,0.10758256185562867,False
Baltimore,PM10 Mean 24-hr,0.4810039187911092,0.0158959699923884,True
Boston,CO 2nd Max 1-hr,0.6677152591592302,0.0006477117276630477,True
Boston,CO 2nd Max 8-hr,0.6533274096074329,0.0008931903083727465,True
Boston,NO2 98th Percentile 1-hr,0.6897592453753412,0.0003826157507054973,True
Boston,NO2 Mean 1-hr,0.7562343643327443,5.72152986025994e-05,True
Boston,Ozone 2nd Max 1-hr,0.4543703048548821,0.022077810908964775,True
Boston,Ozone 4th Max 8-hr,0.5921348646185608,0.0029734673916756924,True
Boston,SO2 99th Percentile 1-hr,0.6753852006631056,0.0005419466284893954,True
Boston,SO2 2nd Max 24-hr,0.5601005207358595,0.005108698556271773,True
Boston,SO2 Mean 1-hr,0.6787171787336478,0.0005007630456148115,True
Boston,PM2.5 98th Percentile 24-hr,0.6061836824280656,0.0023040835731599047,True
Boston,PM2.5 Weighted Mean 24-hr,0.5603524773122591,0.005088036333553259,True
Boston,PM10 2nd Max 24-hr,0.535464388041742,0.007484457899572689,True
Boston,PM10 Mean 24-hr,0.6411171986999763,0.0011586155854277,True
Charlotte,CO 2nd Max 1-hr,0.5637873885765379,0.004813055610132038,True
Charlotte,CO 2nd Max 8-hr,0.660233547120437,0.0007670999353504281,True
Charlotte,NO2 98th Percentile 1-hr,0.74576359610063,8.010480952030852e-05,True
Charlotte,NO2 Mean 1-hr,0.6841640745021416,0.0004391290139389439,True
Charlotte,Ozone 2nd Max 1-hr,0.6420271506588108,0.0011367966687605702,True
Charlotte,Ozone 4th Max 8-hr,0.5721886551908871,0.004191125641320887,True
Charlotte,SO2 99th Percentile 1-hr,0.6799279930874396,0.0004864667412483981,True
Charlotte,SO2 2nd Max 24-hr,0.7504193499800422,6.91096128406166e-05,True
Charlotte,SO2 Mean 1-hr,0.7998206820173841,1.1549148230789504e-05,True
Charlotte,PM2.5 98th Percentile 24-hr,0.7498988244889966,7.027077073423741e-05,True
Charlotte,PM2.5 Weighted Mean 24-hr,0.7463568750648881,7.862536128017177e-05,True
Charlotte,PM10 2nd Max 24-hr,0.39592203960254063,0.04199060640358141,False
Charlotte,PM10 Mean 24-hr,0.6893298823427307,0.00038672246739010355,True
Chicago,CO 2nd Max 1-hr,0.4823547708483798,0.015623103949345624,True
Chicago,CO 2nd Max 8-hr,0.8957689122204187,4.697701904574533e-08,True
Chicago,NO2 98th Percentile 1-hr,0.2674763807209464,0.1271233971422669,False
Chicago,NO2 Mean 1-hr,0.6576891949432816,0.0008116907932151392,True
Chicago,Ozone 2nd Max 1-hr,0.532703185199722,0.007798425800789523,True
Chicago,Ozone 4th Max 8-hr,0.5752500757035002,0.0039814985486729855,True
Chicago,SO2 99th Percentile 1-hr,0.6007065585235195,0.0025484407753576374,True
Chicago,SO2 2nd Max 24-hr,0.7830983751436682,2.226044523160922e-05,True
Chicago,SO2 Mean 1-hr,0.8418497423406894,1.630723671331737e-06,True
Chicago,PM2.5 98th Percentile 24-hr,0.3700787484630672,0.05412565051548359,False
Chicago,PM2.5 Weighted Mean 24-hr,0.8173188653938264,5.429122344348661e-06,True
Chicago,PM10 2nd Max 24-hr,0.5127255690507471,0.010398063477255646,True
Chicago,PM10 Mean 24-hr,0.7543532534294071,6.085388030997129e-05,True
Cleveland,CO 2nd Max 1-hr,0.29797734718367636,0.10097504125332564,False
Cleveland,CO 2nd Max 8-hr,-0.04919027414789806,0.4184169932615941,False
Cleveland,NO2 98th Percentile 1-hr,-0.14422855561092351,0.27203709228840756,False
Cleveland,NO2 Mean 1-hr,-0.1365186701720417,0.28301218084749996,False
Cleveland,Ozone 2nd Max 1-hr,-0.14176285729684643,0.2755258995875448,False
Cleveland,Ozone 4th Max 8-hr,-0.19094582827090326,0.2100026919153718,False
Cleveland,SO2 99th Percentile 1-hr,-0.14836316064739508,0.26623237656822385,False
Cleveland,SO2 2nd Max 24-hr,-0.11928472519160827,0.3082196190181612,False
Cleveland,SO2 Mean 1-hr,-0.06307614005712465,0.39581887762521595,False
Cleveland,PM2.5 98th Percentile 24-hr,-0.10059397166331208,0.33652117472422827,False
Cleveland,PM2.5 Weighted Mean 24-hr,-0.09094100279498468,0.35148845801386,False
Cleveland,PM10 2nd Max 24-hr,-0.056609570037530726,0.4063074264805122,False
Cleveland,PM10 Mean 24-hr,-0.09609855330724636,0.34346366158526553,False
Colorado Springs,CO 2nd Max 1-hr,0.4010569411174444,0.039841371017270505,False
Colorado Springs,CO 2nd Max 8-hr,0.39609102513713024,0.04191854136480784,False
Colorado Springs,NO2 98th Percentile 1-hr,-1.0,0.0,True
Colorado Springs,NO2 Mean 1-hr,-1.0,0.0,True
Colorado Springs,Ozone 2nd Max 1-hr,0.3006549078755483,0.09886566850131366,False
Colorado Springs,Ozone 4th Max 8-hr,0.1986632034954815,0.2005498015690232,False
Colorado Springs,SO2 99th Percentile 1-hr,0.3755656800379049,0.05135934866347928,False
Colorado Springs,SO2 2nd Max 24-hr,0.6597045934917146,0.0007761966359530865,True
Colorado Springs,SO2 Mean 1-hr,0.5016092577775415,0.012118152154455804,True
Colorado Springs,PM2.5 98th Percentile 24-hr,-0.16058845625704068,0.2494120373035037,False
Colorado Springs,PM2.5 Weighted Mean 24-hr,0.6593002750200262,0.0007832108204594085,True
Colorado Springs,PM10 2nd Max 24-hr,0.43781199665832027,0.026764333930150704,False
Colorado Springs,PM10 Mean 24-hr,0.45610305489695446,0.021626590948174377,True
Columbus,CO 2nd Max 1-hr,0.45745910185908273,0.021278456074022147,True
Columbus,CO 2nd Max 8-hr,0.5888805494042586,0.0031493649534964844,True
Columbus,NO2 98th Percentile 1-hr,0.19511471338988112,0.2048669317843888,False
Columbus,NO2 Mean 1-hr,0.8083323840437938,8.075996294654218e-06,True
Columbus,Ozone 2nd Max 1-hr,0.5480617965601213,0.006178366609599442,True
Columbus,Ozone 4th Max 8-hr,0.6447728683474802,0.0010730285755626064,True
Columbus,SO2 99th Percentile 1-hr,0.2774119279730205,0.11817482717558617,False
Columbus,SO2 2nd Max 24-hr,0.279324253453747,0.11650045206775675,False
Columbus,SO2 Mean 1-hr,0.4756489122461027,0.017014544617082406,True
Columbus,PM2.5 98th Percentile 24-hr,0.5140043527014598,0.010213352119656642,True
Columbus,PM2.5 Weighted Mean 24-hr,0.5309406966083517,0.008004301111640024,True
Columbus,PM10 2nd Max 24-hr,-0.13802260560999322,0.2808561573354632,False
Columbus,PM10 Mean 24-hr,0.07806198549717151,0.37178673277169394,False
Dallas,CO 2nd Max 1-hr,-0.16475879910597524,0.24379500616827465,False
Dallas,CO 2nd Max 8-hr,-0.17126237062778585,0.23516167059077142,False
Dallas,NO2 98th Percentile 1-hr,0.04096067119544555,0.4319318350177822,False
Dallas,NO2 Mean 1-hr,0.04019754680819476,0.43318898443107173,False
Dallas,Ozone 2nd Max 1-hr,-0.06092567503494826,0.3992995817031114,False
Dallas,Ozone 4th Max 8-hr,-0.06313023060821844,0.39573142428495095,False
Dallas,SO2 99th Percentile 1-hr,-0.1632066398765651,0.24587828629993674,False
Dallas,SO2 2nd Max 24-hr,-0.24099817418023559,0.1530199528665001,False
Dallas,SO2 Mean 1-hr,-0.2412420789887242,0.15276781810354578,False
Dallas,PM2.5 98th Percentile 24-hr,-0.10693386444800199,0.3268165572316122,False
Dallas,PM2.5 Weighted Mean 24-hr,0.0758111858601012,0.37536956422805984,False
Dallas,PM10 2nd Max 24-hr,-0.20207476973620933,0.1964467680691649,False
Dallas,PM10 Mean 24-hr,-0.1234922867418861,0.30198273378093565,False
Denver,CO 2nd Max 1-hr,0.3783185518914669,0.05001082197329602,False
Denver,CO 2nd Max 8-hr,0.29869417894373834,0.10040741073898544,False
Denver,NO2 98th Percentile 1-hr,0.13927138264829916,0.27907146099325986,False
Denver,NO2 Mean 1-hr,-0.17034472295298783,0.23637038886041395,False
Denver,Ozone 2nd Max 1-hr,0.23176037847576003,0.1627545233216937,False
Denver,Ozone 4th Max 8-hr,0.3052079416701726,0.0953468435553975,False
Denver,SO2 99th Percentile 1-hr,0.48038222328303976,0.016022796206735888,True
Denver,SO2 2nd Max 24-hr,0.32181967377445475,0.08322661957833256,False
Denver,SO2 Mean 1-hr,0.2736732738963619,0.12149297740776911,False
Denver,PM2.5 98th Percentile 24-hr,-0.07189272393888037,0.3816303329028964,False
Denver,PM2.5 Weighted Mean 24-hr,0.03176271996207747,0.4471228864336889,False
Denver,PM10 2nd Max 24-hr,-0.0890262223665868,0.354483404226466,False
Denver,PM10 Mean 24-hr,0.16716244132916447,0.24058615302084674,False
Detroit,CO 2nd Max 1-hr,0.38377255652733083,0.04741556447204424,False
Detroit,CO 2nd Max 8-hr,0.46418519672040864,0.019615189831658206,True
Detroit,NO2 98th Percentile 1-hr,0.47214430535153373,0.0177792177442592,True
Detroit,NO2 Mean 1-hr,0.4855303460569055,0.014996095291537719,True
Detroit,Ozone 2nd Max 1-hr,0.5917896370412197,0.002991735275437633,True
Detroit,Ozone 4th Max 8-hr,0.5840408024760375,0.003426680821608613,True
Detroit,SO2 99th Percentile 1-hr,0.5874527887102678,0.003229186346186999,True
Detroit,SO2 2nd Max 24-hr,0.5630711946558676,0.004869369052291376,True
Detroit,SO2 Mean 1-hr,0.49929984595440396,0.01250222120792865,True
Detroit,PM2.5 98th Percentile 24-hr,0.6531305728783857,0.0008970241151478249,True
Detroit,PM2.5 Weighted Mean 24-hr,0.5951187813210232,0.0028193598465152472,True
Detroit,PM10 2nd Max 24-hr,0.19947542111532512,0.19956872333058112,False
Detroit,PM10 Mean 24-hr,0.5870735894932466,0.003250662799775397,True
El Paso,CO 2nd Max 1-hr,0.0031478964582609173,0.4947455591807336,False
El Paso,CO 2nd Max 8-hr,0.019176068943033833,0.4680219940310373,False
El Paso,NO2 98th Percentile 1-hr,-0.19137281414294918,0.20947352372434697,False
El Paso,NO2 Mean 1-hr,0.11524392049647188,0.31425735930869747,False
El Paso,Ozone 2nd Max 1-hr,-0.12088450794655632,0.3058421662393813,False
El Paso,Ozone 4th Max 8-hr,-0.26542894332912753,0.12901951407442255,False
El Paso,SO2 99th Percentile 1-hr,0.15145114816184893,0.2619347936976343,False
El Paso,SO2 2nd Max 24-hr,0.19180070850717415,0.2089439495783879,False
El Paso,SO2 Mean 1-hr,0.07229890711376909,0.38098000363375945,False
El Paso,PM2.5 98th Percentile 24-hr,-0.1464886537057428,0.26885694645994807,False
El Paso,PM2.5 Weighted Mean 24-hr,-0.11733455158745967,0.31112775835393613,False
El Paso,PM10 2nd Max 24-hr,-0.26944742216937695,0.12531485589159658,False
El Paso,PM10 Mean 24-hr,0.10393700630330827,0.33139104105842593,False
Fresno,CO 2nd Max 1-hr,-0.15173974855249323,0.26153481406610257,False
Fresno,CO 2nd Max 8-hr,-0.1784867854284047,0.22575570668221484,False
Fresno,NO2 98th Percentile 1-hr,-0.15278662334223495,0.26008632938377163,False
Fresno,NO2 Mean 1-hr,-0.34483954149072843,0.06824567332519815,False
Fresno,Ozone 2nd Max 1-hr,-0.11305901511148153,0.3175411743578951,False
Fresno,Ozone 4th Max 8-hr,-0.15069632087733686,0.26298228382323985,False
Fresno,SO2 99th Percentile 1-hr,-0.5955179721639047,0.002799251081434115,True
Fresno,SO2 2nd Max 24-hr,-0.4076534492449123,0.03720156276117685,False
Fresno,SO2 Mean 1-hr,-0.10136950196219777,0.33532854619174113,False
Fresno,PM2.5 98th Percentile 24-hr,0.19676176839142914,0.20285686461951552,False
Fresno,PM2.5 Weighted Mean 24-hr,0.08369001684112413,0.3628728788925496,False
Fresno,PM10 2nd Max 24-hr,0.06371121761417234,0.3947923905907982,False
Fresno,PM10 Mean 24-hr,0.12990964957968623,0.29257168647667275,False
Houston,CO 2nd Max 1-hr,0.06599412553878425,0.3911080394839162,False
Houston,CO 2nd Max 8-hr,0.021924965189017664,0.46344894243409246,False
Houston,NO2 98th Percentile 1-hr,-0.05811893434615267,0.40385351315035495,False
Houston,NO2 Mean 1-hr,0.15536473248163066,0.25653538440127754,False
Houston,Ozone 2nd Max 1-hr,0.05636199176566445,0.4067102612041354,False
Houston,Ozone 4th Max 8-hr,0.005514730671524394,0.49079536378476246,False
Houston,SO2 99th Percentile 1-hr,0.046143247860452596,0.42341144704898215,False
Houston,SO2 2nd Max 24-hr,0.07678057584103781,0.3738252620449697,False
Houston,SO2 Mean 1-hr,0.23983482146864535,0.1542260251805302,False
Houston,PM2.5 98th Percentile 24-hr,0.14489607121274928,0.27109606668308234,False
Houston,PM2.5 Weighted Mean 24-hr,0.3113621491903312,0.09072588882020587,False
Houston,PM10 2nd Max 24-hr,-0.07809993623059652,0.3717264086513517,False
Houston,PM10 Mean 24-hr,-0.1990484296355723,0.2000841571723571,False
Indianapolis,CO 2nd Max 1-hr,-0.012995680305882214,0.4783169188853851,False
Indianapolis,CO 2nd Max 8-hr,-0.04688830004119311,0.4221891453715386,False
Indianapolis,NO2 98th Percentile 1-hr,0.12243893332614068,0.3035392585315112,False
Indianapolis,NO2 Mean 1-hr,0.002135321405151464,0.4964356896225329,False
Indianapolis,Ozone 2nd Max 1-hr,0.1487684444683175,0.265666485886737,False
Indianapolis,Ozone 4th Max 8-hr,0.13165710758383237,0.2900308125440999,False
Indianapolis,SO2 99th Percentile 1-hr,0.5019046421509973,0.012069709003559605,True
Indianapolis,SO2 2nd Max 24-hr,0.3706973049049459,0.05380852637401368,False
Indianapolis,SO2 Mean 1-hr,0.3990279550527762,0.04068062380696175,False
Indianapolis,PM2.5 98th Percentile 24-hr,0.27665058793361724,0.11884573773773546,False
Indianapolis,PM2.5 Weighted Mean 24-hr,0.4408855838517925,0.025841674283994455,False
Indianapolis,PM10 2nd Max 24-hr,-0.14072574742930163,0.2769993248509872,False
Indianapolis,PM10 Mean 24-hr,-0.08241100146124505,0.3648928533353575,False
Jacksonville,CO 2nd Max 1-hr,0.2061120894951863,0.1916517861562435,False
Jacksonville,CO 2nd Max 8-hr,0.3294881191373085,0.07800576621461944,False
Jacksonville,NO2 98th Percentile 1-hr,0.27839198095395573,0.1173147908823069,False
Jacksonville,NO2 Mean 1-hr,0.5336126681600585,0.0076938650508134795,True
Jacksonville,Ozone 2nd Max 1-hr,0.27496209077054945,0.12034243447033127,False
Jacksonville,Ozone 4th Max 8-hr,0.5351732341152468,0.007517076825425193,True
Jacksonville,SO2 99th Percentile 1-hr,0.005561601529975549,0.49071714449205206,False
Jacksonville,SO2 2nd Max 24-hr,-0.0027810566455616793,0.4953578580153884,False
Jacksonville,SO2 Mean 1-hr,0.20734923624656026,0.19019570120562357,False
Jacksonville,PM2.5 98th Percentile 24-hr,0.088060466258133,0.3559971005024581,False
Jacksonville,PM2.5 Weighted Mean 24-hr,0.6997309649649178,0.00029709044967393125,True
Jacksonville,PM10 2nd Max 24-hr,0.13024680044814127,0.2920807204200848,False
Jacksonville,PM10 Mean 24-hr,0.413083801570091,0.0351282244573583,False
Kansas City,CO 2nd Max 1-hr,0.5918349797827877,0.0029893306943285466,True
Kansas City,CO 2nd Max 8-hr,0.5435890682091543,0.006619121257936126,True
Kansas City,NO2 98th Percentile 1-hr,0.5509828818229784,0.005903546518444592,True
Kansas City,NO2 Mean 1-hr,0.6336851137098003,0.0013502666907525293,True
Kansas City,Ozone 2nd Max 1-hr,0.44454469114866224,0.02477515920339245,True
Kansas City,Ozone 4th Max 8-hr,0.63349530327368,0.0013554872774724923,True
Kansas City,SO2 99th Percentile 1-hr,-0.07624606358236022,0.3746765480314831,False
Kansas City,SO2 2nd Max 24-hr,-0.16382649545478523,0.2450452818755534,False
Kansas City,SO2 Mean 1-hr,-0.2371771523599577,0.15700276342129768,False
Kansas City,PM2.5 98th Percentile 24-hr,0.5345807125172735,0.007583811826796581,True
Kansas City,PM2.5 Weighted Mean 24-hr,0.689348836203701,0.00038654039658646614,True
Kansas City,PM10 2nd Max 24-hr,0.05194436220589647,0.4139129998244134,False
Kansas City,PM10 Mean 24-hr,0.6143350125265327,0.0019764847978251065,True
Las Vegas,CO 2nd Max 1-hr,0.39912976578507514,0.04063820206252518,False
Las Vegas,CO 2nd Max 8-hr,0.37590555135511255,0.05119144490502079,False
Las Vegas,NO2 98th Percentile 1-hr,0.5166182378922026,0.009843921349125923,True
Las Vegas,NO2 Mean 1-hr,0.5727848002603113,0.004149614649032849,True
Las Vegas,Ozone 2nd Max 1-hr,0.28853866278519924,0.10864877182287228,False
Las Vegas,Ozone 4th Max 8-hr,0.31979866228124787,0.08464157332189656,False
Las Vegas,SO2 99th Percentile 1-hr,0.2527034844424702,0.14120422150104878,False
Las Vegas,SO2 2nd Max 24-hr,0.1901175955944647,0.21103117289726564,False
Las Vegas,SO2 Mean 1-hr,-0.2963341097310481,0.10228430755924087,False
Las Vegas,PM2.5 98th Percentile 24-hr,0.35317539801438336,0.06332287294953395,False
Las Vegas,PM2.5 Weighted Mean 24-hr,0.5372495991614477,0.007286933844137965,True
Las Vegas,PM10 2nd Max 24-hr,0.39708289750023806,0.04149739285948406,False
Las Vegas,PM10 Mean 24-hr,0.46463190348306616,0.019508405530603838,True
Los Angeles,CO 2nd Max 1-hr,0.7778614752797989,2.7025909251776426e-05,True
Los Angeles,CO 2nd Max 8-hr,0.7456318280408722,8.043661408936467e-05,True
Los Angeles,NO2 98th Percentile 1-hr,0.7225377495678413,0.00016017097705200374,True
Los Angeles,NO2 Mean 1-hr,0.7763492855518942,2.855579840136991e-05,True
Los Angeles,Ozone 2nd Max 1-hr,0.4094585006188534,0.03650250795686401,False
Los Angeles,Ozone 4th Max 8-hr,0.3247939256081763,0.08117396464710852,False
Los Angeles,SO2 99th Percentile 1-hr,0.7494078960863318,7.138119426459286e-05,True
Los Angeles,SO2 2nd Max 24-hr,0.8064400176906691,8.757557290637238e-06,True
Los Angeles,SO2 Mean 1-hr,0.6271745644035448,0.0015391940977195675,True
Los Angeles,PM2.5 98th Percentile 24-hr,0.5166935815688362,0.009833432878710802,True
Los Angeles,PM2.5 Weighted Mean 24-hr,0.7565430801926792,5.6636374192026144e-05,True
Los Angeles,PM10 2nd Max 24-hr,-0.021016372879859087,0.46496001162021383,False
Los Angeles,PM10 Mean 24-hr,0.6208509865883585,0.0017432414405093358,True
Louisville,CO 2nd Max 1-hr,0.27826855152144525,0.11742288169481338,False
Louisville,CO 2nd Max 8-hr,0.13346422503749478,0.28741318478922706,False
Louisville,NO2 98th Percentile 1-hr,0.13831685874619365,0.2804351702036765,False
Louisville,NO2 Mean 1-hr,-0.4238014347840589,0.031291764569960016,False
Louisville,Ozone 2nd Max 1-hr,0.23106886084559136,0.1634977001587024,False
Louisville,Ozone 4th Max 8-hr,0.3631949745622661,0.05774649661006155,False
Louisville,SO2 99th Percentile 1-hr,0.3506649372484588,0.06477802859434184,False
Louisville,SO2 2nd Max 24-hr,0.3727492395972727,0.05276615451940836,False
Louisville,SO2 Mean 1-hr,0.1933668071414486,0.2070118598692512,False
Louisville,PM2.5 98th Percentile 24-hr,-0.0839261167073752,0.36250038083654884,False
Louisville,PM2.5 Weighted Mean 24-hr,0.060395199082508115,0.40015933735309267,False
Louisville,PM10 2nd Max 24-hr,0.06110853855556357,0.39900331343429396,False
Louisville,PM10 Mean 24-hr,0.14172288578424183,0.2755826219027646,False
Memphis,CO 2nd Max 1-hr,0.5583032626767123,0.005258071482524036,True
Memphis,CO 2nd Max 8-hr,0.6168958984062871,0.0018819128875873004,True
Memphis,NO2 98th Percentile 1-hr,0.6672256906161893,0.0006550136842861941,True
Memphis,NO2 Mean 1-hr,0.4877822377070678,0.01456355955009091,True
Memphis,Ozone 2nd Max 1-hr,0.7074266844835473,0.0002427190745441127,True
Memphis,Ozone 4th Max 8-hr,0.6667609067715597,0.0006620099184148367,True
Memphis,SO2 99th Percentile 1-hr,0.704911536908092,0.00025947175993751206,True
Memphis,SO2 2nd Max 24-hr,0.733619760019832,0.00011608426533490901,True
Memphis,SO2 Mean 1-hr,0.7603800290149092,4.985001360734394e-05,True
Memphis,PM2.5 98th Percentile 24-hr,0.7076973493752879,0.00024097231892900026,True
Memphis,PM2.5 Weighted Mean 24-hr,0.7295244260909132,0.0001309816745468067,True
Memphis,PM10 2nd Max 24-hr,0.34973430574758174,0.0653234335747906,False
Memphis,PM10 Mean 24-hr,0.6258792514230599,0.0015792866081864693,True
Miami,CO 2nd Max 1-hr,-0.10953954089466249,0.3228583971521344,False
Miami,CO 2nd Max 8-hr,-0.08873750711111145,0.35493570871663604,False
Miami,NO2 98th Percentile 1-hr,-0.0714632439304422,0.38231829437695913,False
Miami,NO2 Mean 1-hr,-0.0759767303017244,0.3751057110284991,False
Miami,Ozone 2nd Max 1-hr,-0.22445293419455603,0.17070926950215076,False
Miami,Ozone 4th Max 8-hr,-0.23183482914064243,0.1626746307830143,False
Miami,SO2 99th Percentile 1-hr,-0.2011472708281556,0.1975576255256321,False
Miami,SO2 2nd Max 24-hr,-0.13998289134686764,0.2780568640806862,False
Miami,SO2 Mean 1-hr,-0.060147743920486246,0.40056054568498745,False
Miami,PM2.5 98th Percentile 24-hr,-0.2685822765272671,0.12610664378660394,False
Miami,PM2.5 Weighted Mean 24-hr,0.034437390382466196,0.4426972357040423,False
Miami,PM10 2nd Max 24-hr,0.24614602703437488,0.14775189202891997,False
Miami,PM10 Mean 24-hr,0.06235036193534948,0.39699277425019713,False
Milwaukee,CO 2nd Max 1-hr,0.3720423378507002,0.053123590784777026,False
Milwaukee,CO 2nd Max 8-hr,0.4177818241772866,0.03340541590351482,False
Milwaukee,NO2 98th Percentile 1-hr,0.014229596472469545,0.47626027601134757,False
Milwaukee,NO2 Mean 1-hr,0.1415830251552885,0.2757811350094308,False
Milwaukee,Ozone 2nd Max 1-hr,0.1603050918748113,0.24979596590727704,False
Milwaukee,Ozone 4th Max 8-hr,0.13837978068274379,0.28034518421299204,False
Milwaukee,SO2 99th Percentile 1-hr,0.36729567525129925,0.055569213252695655,False
Milwaukee,SO2 2nd Max 24-hr,0.3357738798294256,0.0738990711657232,False
Milwaukee,SO2 Mean 1-hr,0.44413138469779906,0.0248939071237946,True
Milwaukee,PM2.5 98th Percentile 24-hr,0.44144830634387966,0.025675416066153242,False
Milwaukee,PM2.5 Weighted Mean 24-hr,0.41002891507329453,0.03628365390448975,False
Milwaukee,PM10 2nd Max 24-hr,0.23403116404893576,0.1603282524972321,False
Milwaukee,PM10 Mean 24-hr,0.2663165304882866,0.12819533845667233,False
Minneapolis,CO 2nd Max 1-hr,0.005954547086359157,0.49006139995139086,False
Minneapolis,CO 2nd Max 8-hr,-0.01515850452128849,0.4747123871612944,False
Minneapolis,NO2 98th Percentile 1-hr,0.08281387402719925,0.36425621604425745,False
Minneapolis,NO2 Mean 1-hr,0.2605632067087451,0.13359714578511586,False
Minneapolis,Ozone 2nd Max 1-hr,-0.10939521532996059,0.32307716110605095,False
Minneapolis,Ozone 4th Max 8-hr,-0.10247199465458982,0.33363571697179784,False
Minneapolis,SO2 99th Percentile 1-hr,-0.21567351542501817,0.18056095289302326,False
Minneapolis,SO2 2nd Max 24-hr,-0.13055543206883524,0.291631592193179,False
Minneapolis,SO2 Mean 1-hr,0.013896187972449174,0.47681593328516864,False
Minneapolis,PM2.5 98th Percentile 24-hr,-0.4857729542034649,0.014949017322347673,True
Minneapolis,PM2.5 Weighted Mean 24-hr,-0.44451919861385153,0.024782470938837838,True
Minneapolis,PM10 2nd Max 24-hr,0.31344311415915305,0.08919834593133717,False
Minneapolis,PM10 Mean 24-hr,0.18301630443206213,0.2199592897099748,False
Nashville,CO 2nd Max 1-hr,0.6509860144845792,0.0009396950287652421,True
Nashville,CO 2nd Max 8-hr,0.6885171905470429,0.0003945977252894965,True
Nashville,NO2 98th Percentile 1-hr,0.6277787405178246,0.0015207851647925724,True
Nashville,NO2 Mean 1-hr,0.5864665982711144,0.0032852843887247554,True
Nashville,Ozone 2nd Max 1-hr,0.7302009507159966,0.0001284137927279413,True
Nashville,Ozone 4th Max 8-hr,0.770592649067121,3.5083252134319624e-05,True
Nashville,SO2 99th Percentile 1-hr,0.6186398317361366,0.0018196820703095232,True
Nashville,SO2 2nd Max 24-hr,0.6199771436111736,0.001773125711068537,True
Nashville,SO2 Mean 1-hr,0.6457676747029093,0.0010506754014240258,True
Nashville,PM2.5 98th Percentile 24-hr,0.649029490648175,0.0009800945015990662,True
Nashville,PM2.5 Weighted Mean 24-hr,0.7221900724171629,0.00016175770114795082,True
Nashville,PM10 2nd Max 24-hr,0.6479310530119622,0.001003405782172737,True
Nashville,PM10 Mean 24-hr,0.678722346536692,0.0005007012836338964,True
New York City,CO 2nd Max 1-hr,0.7020265482332115,0.0002798870988896326,True
New York City,CO 2nd Max 8-hr,0.7327931835817588,0.00011896837544963222,True
New York City,NO2 98th Percentile 1-hr,0.8703223499271052,3.04704882276106e-07,True
New York City,NO2 Mean 1-hr,0.9025801894568016,2.62331685465962e-08,True
New York City,Ozone 2nd Max 1-hr,0.7693652664614546,3.662994341493599e-05,True
New York City,Ozone 4th Max 8-hr,0.8303973624326076,2.9270852644539557e-06,True
New York City,SO2 99th Percentile 1-hr,0.9459460285015396,1.5363293795120414e-10,True
New York City,SO2 2nd Max 24-hr,0.9466543047022759,1.3679272658824382e-10,True
New York City,SO2 Mean 1-hr,0.9610594098439823,8.48702026902214e-12,True
New York City,PM2.5 98th Percentile 24-hr,0.8746565329326064,2.281201562237031e-07,True
New York City,PM2.5 Weighted Mean 24-hr,0.8475142714020342,1.200271800430601e-06,True
New York City,PM10 2nd Max 24-hr,0.7147613157628989,0.00019901129040574673,True
New York City,PM10 Mean 24-hr,0.8452079175235557,1.361771872845059e-06,True
Oklahoma City,CO 2nd Max 1-hr,0.5083730192633753,0.011046759714898404,True
Oklahoma City,CO 2nd Max 8-hr,0.5352467459603291,0.007508830291363199,True
Oklahoma City,NO2 98th Percentile 1-hr,0.31772364892789434,0.08611139161194724,False
Oklahoma City,NO2 Mean 1-hr,0.1715981707275378,0.2347201383866223,False
Oklahoma City,Ozone 2nd Max 1-hr,0.20467027426247628,0.1933566041998786,False
Oklahoma City,Ozone 4th Max 8-hr,0.31180027171375435,0.09040281901676442,False
Oklahoma City,SO2 99th Percentile 1-hr,0.5889256331158743,0.0031468711043494764,True
Oklahoma City,SO2 2nd Max 24-hr,0.5095408490830029,0.010869638492950012,True
Oklahoma City,SO2 Mean 1-hr,0.5598900677416436,0.00512600937576537,True
Oklahoma City,PM2.5 98th Percentile 24-hr,0.49795444388584326,0.012730364372562001,True
Oklahoma City,PM2.5 Weighted Mean 24-hr,0.4652284888870061,0.019366496663940528,True
Oklahoma City,PM10 2nd Max 24-hr,-0.19510153130872726,0.2048830627165914,False
Oklahoma City,PM10 Mean 24-hr,0.2610266723203615,0.13315678345004447,False
Omaha,CO 2nd Max 1-hr,0.35133225286995357,0.06438893574413355,False
Omaha,CO 2nd Max 8-hr,0.3747114562802834,0.051783119401945396,False
Omaha,NO2 98th Percentile 1-hr,,,False
Omaha,NO2 Mean 1-hr,,,False
Omaha,Ozone 2nd Max 1-hr,0.32347261085614676,0.08208150579225117,False
Omaha,Ozone 4th Max 8-hr,0.3111068606689734,0.09091449801069895,False
Omaha,SO2 99th Percentile 1-hr,-0.3811075650135433,0.04867107439787613,False
Omaha,SO2 2nd Max 24-hr,-0.3556545554529795,0.061908821338718334,False
Omaha,SO2 Mean 1-hr,-0.44259991755112216,0.025337718287169412,False
Omaha,PM2.5 98th Percentile 24-hr,-0.0024661589441327043,0.4958834673731677,False
Omaha,PM2.5 Weighted Mean 24-hr,0.08035094982948023,0.3681535305422485,False
Omaha,PM10 2nd Max 24-hr,-0.33688732688501133,0.0731876724451915,False
Omaha,PM10 Mean 24-hr,0.15527247613620257,0.25666205369625067,False
Philadelphia,CO 2nd Max 1-hr,0.6756611655764126,0.0005384306617347345,True
Philadelphia,CO 2nd Max 8-hr,0.6604989314377504,0.0007625698004191882,True
Philadelphia,NO2 98th Percentile 1-hr,0.6209268929386291,0.0017406653958836535,True
Philadelphia,NO2 Mean 1-hr,0.6947437150320558,0.00033757686894782767,True
Philadelphia,Ozone 2nd Max 1-hr,0.6904540802885498,0.0003760480534346836,True
Philadelphia,Ozone 4th Max 8-hr,0.6027813266344988,0.002453479941053054,True
Philadelphia,SO2 99th Percentile 1-hr,0.710703335317286,0.00022227976318395912,True
Philadelphia,SO2 2nd Max 24-hr,0.7578175743396145,5.429927774997847e-05,True
Philadelphia,SO2 Mean 1-hr,0.8436420287523205,1.4819344051300898e-06,True
Philadelphia,PM2.5 98th Percentile 24-hr,0.5770863260236856,0.0038599284064195294,True
Philadelphia,PM2.5 Weighted Mean 24-hr,0.6304323443276224,0.0014420846254701411,True
Philadelphia,PM10 2nd Max 24-hr,0.09383251041763932,0.34698176743361414,False
Philadelphia,PM10 Mean 24-hr,0.11928925312980088,0.3082128795601221,False
Phoenix,CO 2nd Max 1-hr,0.6298000655205316,0.0014605219840583736,True
Phoenix,CO 2nd Max 8-hr,0.6123838582833456,0.0020511521402437377,True
Phoenix,NO2 98th Percentile 1-hr,0.35619101801219605,0.061605823027398164,False
Phoenix,NO2 Mean 1-hr,0.51219303924731,0.010475763021271891,True
Phoenix,Ozone 2nd Max 1-hr,0.23582345565703866,0.1584285797525688,False
Phoenix,Ozone 4th Max 8-hr,0.42997711833811086,0.02922989272347623,False
Phoenix,SO2 99th Percentile 1-hr,0.2874495770120886,0.10955818116518719,False
Phoenix,SO2 2nd Max 24-hr,0.3342724978924977,0.07486594938483769,False
Phoenix,SO2 Mean 1-hr,0.5893056167852916,0.0031259162869456602,True
Phoenix,PM2.5 98th Percentile 24-hr,-0.05669475423300665,0.40616884416885124,False
Phoenix,PM2.5 Weighted Mean 24-hr,-0.05641640389506295,0.4066217194528142,False
Phoenix,PM10 2nd Max 24-hr,-0.10834582608254291,0.3246694690894633,False
Phoenix,PM10 Mean 24-hr,0.1085466852939515,0.324364464315412,False
Portland,CO 2nd Max 1-hr,0.14317288909795087,0.27352833330260395,False
Portland,CO 2nd Max 8-hr,0.0754963523577361,0.37587150893662846,False
Portland,NO2 98th Percentile 1-hr,0.006555496913107308,0.4890585875087896,False
Portland,NO2 Mean 1-hr,-0.3918944357049998,0.043735438162417824,False
Portland,Ozone 2nd Max 1-hr,-0.10719814651044528,0.3264142774641261,False
Portland,Ozone 4th Max 8-hr,-0.24611100589980872,0.14778735123074782,False
Portland,SO2 99th Percentile 1-hr,0.7341256644499057,0.00011434869809203799,True
Portland,SO2 2nd Max 24-hr,0.8073772954157576,8.414002367412176e-06,True
Portland,SO2 Mean 1-hr,0.7167404292044761,0.00018843710185094035,True
Portland,PM2.5 98th Percentile 24-hr,0.054679573604057126,0.40945009527150555,False
Portland,PM2.5 Weighted Mean 24-hr,0.21671055756108146,0.17938060927027288,False
Portland,PM10 2nd Max 24-hr,0.23213648950662294,0.1623511595636145,False
Portland,PM10 Mean 24-hr,0.58808045811129,0.0031938933789703266,True
Sacramento,CO 2nd Max 1-hr,0.6182360800978801,0.0018339355926154813,True
Sacramento,CO 2nd Max 8-hr,0.6357367717704326,0.0012948984382821914,True
Sacramento,NO2 98th Percentile 1-hr,0.5555304355040876,0.005495461613750632,True
Sacramento,NO2 Mean 1-hr,0.6227104876776728,0.0016810382012284349,True
Sacramento,Ozone 2nd Max 1-hr,0.6199199475054608,0.0017750964675672905,True
Sacramento,Ozone 4th Max 8-hr,0.6556993793964375,0.0008480602640462853,True
Sacramento,SO2 99th Percentile 1-hr,0.47284029978944314,0.017625268155665764,True
Sacramento,SO2 2nd Max 24-hr,0.24982816731520902,0.14405275324306854,False
Sacramento,SO2 Mean 1-hr,-0.043318367597941373,0.42805186100386633,False
Sacramento,PM2.5 98th Percentile 24-hr,0.1780354220775307,0.22633760471172742,False
Sacramento,PM2.5 Weighted Mean 24-hr,0.6065275027625797,0.002289414060382916,True
Sacramento,PM10 2nd Max 24-hr,0.074312884671952,0.3777600442233881,False
Sacramento,PM10 Mean 24-hr,0.5488428255633973,0.0061038938169277225,True
San Antonio,CO 2nd Max 1-hr,-0.298495378417867,0.10056461932089586,False
San Antonio,CO 2nd Max 8-hr,-0.2057837087692209,0.19203932527150785,False
San Antonio,NO2 98th Percentile 1-hr,-0.30217642652380977,0.09768024347091725,False
San Antonio,NO2 Mean 1-hr,-0.09166061441664797,0.3503650629122229,False
San Antonio,Ozone 2nd Max 1-hr,0.42952021796009243,0.02937881075667971,False
San Antonio,Ozone 4th Max 8-hr,0.3013461100026848,0.09832596246434497,False
San Antonio,SO2 99th Percentile 1-hr,-0.36646136863180706,0.056007319287192166,False
San Antonio,SO2 2nd Max 24-hr,-0.20809530858619235,0.18932060741769396,False
San Antonio,SO2 Mean 1-hr,0.40677648165032576,0.037544775162513776,False
San Antonio,PM2.5 98th Percentile 24-hr,-0.20919314908941206,0.1880370399192408,False
San Antonio,PM2.5 Weighted Mean 24-hr,-0.7368955078470982,0.0001052342107488958,True
San Antonio,PM10 2nd Max 24-hr,-0.22113960400545185,0.17438965418197205,False
San Antonio,PM10 Mean 24-hr,-0.3593678624857265,0.059833166902998426,False
San Diego,CO 2nd Max 1-hr,0.22340908655638003,0.17186381942706686,False
San Diego,CO 2nd Max 8-hr,0.43724624712372,0.026936868275029512,False
San Diego,NO2 98th Percentile 1-hr,0.7021818579278154,0.0002787543844415737,True
San Diego,NO2 Mean 1-hr,0.7073511698027091,0.00024320832891327915,True
San Diego,Ozone 2nd Max 1-hr,0.5874053236066807,0.0032318682036565085,True
San Diego,Ozone 4th Max 8-hr,0.5620348621115056,0.004951801957552266,True
San Diego,SO2 99th Percentile 1-hr,0.7464082650353511,7.849832030387501e-05,True
San Diego,SO2 2nd Max 24-hr,0.64951007994865,0.0009700388139605018,True
San Diego,SO2 Mean 1-hr,0.582038415438573,0.0035471203789892666,True
San Diego,PM2.5 98th Percentile 24-hr,0.6619150954958771,0.0007387736537753583,True
San Diego,PM2.5 Weighted Mean 24-hr,0.7514779342302647,6.679885587978159e-05,True
San Diego,PM10 2nd Max 24-hr,0.33407581024631966,0.07499326451429492,False
San Diego,PM10 Mean 24-hr,0.4621565421857371,0.020105847833044643,True
San Francisco,CO 2nd Max 1-hr,0.6505791266610842,0.0009479797766261712,True
San Francisco,CO 2nd Max 8-hr,0.5134612810565852,0.0102914732711034,True
San Francisco,NO2 98th Percentile 1-hr,0.07261066308050682,0.38048106752597216,False
San Francisco,NO2 Mean 1-hr,0.44826187111372495,0.023726566607818585,True
San Francisco,Ozone 2nd Max 1-hr,0.38818413886511954,0.045389549781405254,False
San Francisco,Ozone 4th Max 8-hr,0.18022140143321602,0.2235266525234047,False
San Francisco,SO2 99th Percentile 1-hr,0.5337884751693383,0.007673783489058379,True
San Francisco,SO2 2nd Max 24-hr,0.508135663002325,0.011083037375099232,True
San Francisco,SO2 Mean 1-hr,0.4526082475308733,0.0225440672016362,True
San Francisco,PM2.5 98th Percentile 24-hr,0.4735422657667096,0.017471051632132282,True
San Francisco,PM2.5 Weighted Mean 24-hr,0.30608973977113935,0.09467521178680278,False
San Francisco,PM10 2nd Max 24-hr,0.3750039091073557,0.051637752160866426,False
San Francisco,PM10 Mean 24-hr,0.4910603968757961,0.013951486186555126,True
San Jose,CO 2nd Max 1-hr,0.7023288398676054,0.0002776859913318418,True
San Jose,CO 2nd Max 8-hr,0.7220564527816598,0.00016237106668911007,True
San Jose,NO2 98th Percentile 1-hr,0.7502381608691046,6.951191766202408e-05,True
San Jose,NO2 Mean 1-hr,0.7602489323169505,5.0069782376750664e-05,True
San Jose,Ozone 2nd Max 1-hr,0.254368548772111,0.13957074111729773,False
San Jose,Ozone 4th Max 8-hr,0.24520839381705728,0.14870304962988012,False
San Jose,SO2 99th Percentile 1-hr,-0.35457900644613954,0.06251949688774007,False
San Jose,SO2 2nd Max 24-hr,-0.4704531977057199,0.018157644300078858,True
San Jose,SO2 Mean 1-hr,-0.6003970880646442,0.0025628612152597805,True
San Jose,PM2.5 98th Percentile 24-hr,0.6624310329984366,0.0007302607031257992,True
San Jose,PM2.5 Weighted Mean 24-hr,0.8102221384005223,7.441746535710594e-06,True
San Jose,PM10 2nd Max 24-hr,0.4356442301585467,0.027430028837132914,False
San Jose,PM10 Mean 24-hr,0.6470402227638558,0.0010226501532870304,True
San Juan,CO 2nd Max 1-hr,-0.08640022889229537,0.3586041487984837,False
San Juan,CO 2nd Max 8-hr,0.5289885931701928,0.00823739054744353,True
San Juan,NO2 98th Percentile 1-hr,-0.5280200004832998,0.008355046965226837,True
San Juan,NO2 Mean 1-hr,-0.5681923989292317,0.004478228101415541,True
San Juan,Ozone 2nd Max 1-hr,-0.21291024359896635,0.18372771219306738,False
San Juan,Ozone 4th Max 8-hr,0.282677518017427,0.11360171814801859,False
San Juan,SO2 99th Percentile 1-hr,0.5682283817422391,0.004475573344424834,True
San Juan,SO2 2nd Max 24-hr,0.48514086864075584,0.015071916330347171,True
San Juan,SO2 Mean 1-hr,0.7809076808774293,2.4157350974585765e-05,True
San Juan,PM2.5 98th Percentile 24-hr,-0.4891276202308775,0.014309858421710954,True
San Juan,PM2.5 Weighted Mean 24-hr,-0.5839836097992365,0.0034300737200904383,True
San Juan,PM10 2nd Max 24-hr,0.08273725132992218,0.3643772723667902,False
San Juan,PM10 Mean 24-hr,0.7966419226704154,1.3143411687620124e-05,True
Seattle,CO 2nd Max 1-hr,0.7898165233915819,1.722164980541442e-05,True
Seattle,CO 2nd Max 8-hr,0.5787239896184675,0.003754081837629358,True
Seattle,NO2 98th Percentile 1-hr,0.29761151841739825,0.10126554839329387,False
Seattle,NO2 Mean 1-hr,-0.13510274866729916,0.2850486366946904,False
Seattle,Ozone 2nd Max 1-hr,-0.17747665795372164,0.22705903481777434,False
Seattle,Ozone 4th Max 8-hr,-0.12901620682392323,0.2938744275436951,False
Seattle,SO2 99th Percentile 1-hr,0.3498663676556482,0.06524584008327745,False
Seattle,SO2 2nd Max 24-hr,0.13294427889538685,0.28816528478107784,False
Seattle,SO2 Mean 1-hr,0.4203562807025851,0.03248870572392241,False
Seattle,PM2.5 98th Percentile 24-hr,-0.07816661178646162,0.37162043231501773,False
Seattle,PM2.5 Weighted Mean 24-hr,0.6257343577727718,0.0015838248283039568,True
Seattle,PM10 2nd Max 24-hr,-0.0806028042060963,0.3677544210264675,False
Seattle,PM10 Mean 24-hr,0.21567725182779454,0.18055669221245302,False
Tucson,CO 2nd Max 1-hr,0.3476556686824043,0.06655337054898056,False
Tucson,CO 2nd Max 8-hr,0.3545788857551327,0.06251956565346842,False
Tucson,NO2 98th Percentile 1-hr,0.389455697229531,0.044817576562216646,False
Tucson,NO2 Mean 1-hr,0.5594207221785559,0.005164787019139925,True
Tucson,Ozone 2nd Max 1-hr,0.302971731792297,0.09706442088483316,False
Tucson,Ozone 4th Max 8-hr,0.3848787323729236,0.04690145342572525,False
Tucson,SO2 99th Percentile 1-hr,0.6720600061085548,0.0005858563525748874,True
Tucson,SO2 2nd Max 24-hr,0.4618333716885047,0.020184880588779087,True
Tucson,SO2 Mean 1-hr,0.46274081543726964,0.019963569606173927,True
Tucson,PM2.5 98th Percentile 24-hr,-0.26914457715248646,0.125591660392117,False
Tucson,PM2.5 Weighted Mean 24-hr,-0.08247059504289722,0.36479865938495026,False
Tucson,PM10 2nd Max 24-hr,-0.4660531427237848,0.019171657354625036,True
Tucson,PM10 Mean 24-hr,-0.28804692141179655,0.10905876992064852,False
Tulsa,CO 2nd Max 1-hr,0.10673656205723929,0.3271170031861032,False
Tulsa,CO 2nd Max 8-hr,0.09640925128565991,0.34298224988187803,False
Tulsa,NO2 98th Percentile 1-hr,0.05383461140031396,0.41082765875374283,False
Tulsa,NO2 Mean 1-hr,0.17609196503478602,0.2288519294445725,False
Tulsa,Ozone 2nd Max 1-hr,0.18269814851664823,0.22036386532521635,False
Tulsa,Ozone 4th Max 8-hr,0.15889159597906355,0.2517153752542103,False
Tulsa,SO2 99th Percentile 1-hr,-0.14314027970417473,0.2735744563245463,False
Tulsa,SO2 2nd Max 24-hr,-0.07081405052369905,0.383358847339364,False
Tulsa,SO2 Mean 1-hr,-0.08992577752373959,0.3530753556032758,False
Tulsa,PM2.5 98th Percentile 24-hr,0.04396330643422071,0.4269916003242582,False
Tulsa,PM2.5 Weighted Mean 24-hr,-0.009230192738854356,0.48459613688643255,False
Tulsa,PM10 2nd Max 24-hr,-0.29956592513928815,0.0997199811272606,False
Tulsa,PM10 Mean 24-hr,-0.21383014235012343,0.1826700006297538,False
Virginia Beach,CO 2nd Max 1-hr,0.5178311837202438,0.009676148816915996,True
Virginia Beach,CO 2nd Max 8-hr,0.532415327632802,0.007831756625664986,True
Virginia Beach,NO2 98th Percentile 1-hr,0.7063606526693434,0.0002497038039227785,True
Virginia Beach,NO2 Mean 1-hr,0.6810179358594242,0.0004738936678411183,True
Virginia Beach,Ozone 2nd Max 1-hr,0.6329350394391191,0.001370995054729733,True
Virginia Beach,Ozone 4th Max 8-hr,0.6131876844976514,0.0020201132735240676,True
Virginia Beach,SO2 99th Percentile 1-hr,0.6537445168918005,0.0008851116248513516,True
Virginia Beach,SO2 2nd Max 24-hr,0.5353592096275593,0.007496228227944674,True
Virginia Beach,SO2 Mean 1-hr,0.6020592277024828,0.002486193000718531,True
Virginia Beach,PM2.5 98th Percentile 24-hr,0.5333846152636884,0.007719977264823091,True
Virginia Beach,PM2.5 Weighted Mean 24-hr,0.677452804018361,0.0005160684258896891,True
Virginia Beach,PM10 2nd Max 24-hr,0.5289716892236077,0.008239432445968368,True
Virginia Beach,PM10 Mean 24-hr,0.6881431728952495,0.00039826740018563187,True
District of Columbia,CO 2nd Max 1-hr,0.5386417260228138,0.007135831079049038,True
District of Columbia,CO 2nd Max 8-hr,0.740131275814355,9.538003787836352e-05,True
District of Columbia,NO2 98th Percentile 1-hr,0.7287432542559147,0.00013400118559563467,True
District of Columbia,NO2 Mean 1-hr,0.8090424623486808,7.83238868701669e-06,True
District of Columbia,Ozone 2nd Max 1-hr,0.6767289855221389,0.0005250065297467117,True
District of Columbia,Ozone 4th Max 8-hr,0.725022890036907,0.00014921086838906385,True
District of Columbia,SO2 99th Percentile 1-hr,0.8809747476087167,1.4669208118576963e-07,True
District of Columbia,SO2 2nd Max 24-hr,0.7828322067544992,2.248382909593757e-05,True
District of Columbia,SO2 Mean 1-hr,0.83331962283018,2.5317043292462174e-06,True
District of Columbia,PM2.5 98th Percentile 24-hr,0.7600135383121305,5.0466483671643414e-05,True
District of Columbia,PM2.5 Weighted Mean 24-hr,0.8348629219423582,2.3423133316878036e-06,True
District of Columbia,PM10 2nd Max 24-hr,0.44724813732826246,0.024009091884228707,True
District of Columbia,PM10 Mean 24-hr,0.7583765566373543,5.330067836366026e-05,True
Wichita,CO 2nd Max 1-hr,0.3452019969034223,0.0680261784799007,False
Wichita,CO 2nd Max 8-hr,0.0998889950828029,0.33760661007165504,False
Wichita,NO2 98th Percentile 1-hr,0.0721149995563102,0.38127441527000616,False
Wichita,NO2 Mean 1-hr,0.39981851455522044,0.040352079976862,False
Wichita,Ozone 2nd Max 1-hr,0.17975096242269714,0.2241300528951125,False
Wichita,Ozone 4th Max 8-hr,0.26542544346270247,0.12902277052950056,False
Wichita,SO2 99th Percentile 1-hr,0.374303031117832,0.05198662888200511,False
Wichita,SO2 2nd Max 24-hr,-0.5231926459738889,0.008961669031460383,True
Wichita,SO2 Mean 1-hr,-0.259203182325279,0.13489464957059139,False
Wichita,PM2.5 98th Percentile 24-hr,0.07789052781373777,0.3720593070599504,False
Wichita,PM2.5 Weighted Mean 24-hr,0.43902112811141597,0.026398415730825655,False
Wichita,PM10 2nd Max 24-hr,-0.47772002239829564,0.016574864927108423,True
Wichita,PM10 Mean 24-hr,-0.07183692534094206,0.38171969448257936,False
